Tahun,Jumlah Penduduk Miskin,Kabupaten/Kota
2018,39.56,Aceh Barat
2019,39.29,Aceh Barat
2020,39.06,Aceh Barat
2021,39.83,Aceh Barat
2022,38.46,Aceh Barat
2023,38.84,Aceh Barat
2024,38.79,Aceh Barat
2018,25.23,Aceh Barat Daya
2019,24.36,Aceh Barat Daya
2020,24.21,Aceh Barat Daya
2021,25.06,Aceh Barat Daya
2022,24.0,Aceh Barat Daya
2023,24.31,Aceh Barat Daya
2024,24.44,Aceh Barat Daya
2018,60.08,Aceh Besar
2019,58.9,Aceh Besar
2020,59.7,Aceh Besar
2021,60.26,Aceh Besar
2022,58.18,Aceh Besar
2023,58.94,Aceh Besar
2024,58.98,Aceh Besar
2018,12.85,Aceh Jaya
2019,12.35,Aceh Jaya
2020,12.11,Aceh Jaya
2021,12.63,Aceh Jaya
2022,12.13,Aceh Jaya
2023,12.22,Aceh Jaya
2024,12.24,Aceh Jaya
2018,32.82,Aceh Selatan
2019,31.06,Aceh Selatan
2020,30.91,Aceh Selatan
2021,32.25,Aceh Selatan
2022,30.78,Aceh Selatan
2023,30.36,Aceh Selatan
2024,30.53,Aceh Selatan
2018,25.74,Aceh Singkil
2019,25.66,Aceh Singkil
2020,25.43,Aceh Singkil
2021,25.48,Aceh Singkil
2022,24.33,Aceh Singkil
2023,24.62,Aceh Singkil
2024,24.84,Aceh Singkil
2018,41.21,Aceh Tamiang
2019,39.35,Aceh Tamiang
2020,38.93,Aceh Tamiang
2021,40.03,Aceh Tamiang
2022,38.25,Aceh Tamiang
2023,38.37,Aceh Tamiang
2024,37.76,Aceh Tamiang
2018,32.31,Aceh Tengah
2019,32.78,Aceh Tengah
2020,32.48,Aceh Tengah
2021,32.72,Aceh Tengah
2022,31.5,Aceh Tengah
2023,31.68,Aceh Tengah
2024,31.85,Aceh Tengah
2018,30.2,Aceh Tenggara
2019,28.93,Aceh Tenggara
2020,28.98,Aceh Tenggara
2021,29.31,Aceh Tenggara
2022,28.42,Aceh Tenggara
2023,27.96,Aceh Tenggara
2024,27.28,Aceh Tenggara
2018,61.64,Aceh Timur
2019,62.79,Aceh Timur
2020,62.34,Aceh Timur
2021,63.69,Aceh Timur
2022,62.16,Aceh Timur
2023,60.63,Aceh Timur
2024,60.86,Aceh Timur
2018,111.27,Aceh Utara
2019,107.34,Aceh Utara
2020,106.41,Aceh Utara
2021,109.49,Aceh Utara
2022,107.02,Aceh Utara
2023,106.77,Aceh Utara
2024,104.49,Aceh Utara
2018,32.92,Agam
2019,33.1,Agam
2020,33.31,Agam
2021,34.26,Agam
2022,31.33,Agam
2023,33.41,Agam
2024,34.82,Agam
2018,44.13,Alor
2019,44.32,Alor
2020,43.55,Alor
2021,43.83,Alor
2022,42.3,Alor
2023,41.91,Alor
2024,41.89,Alor
2018,74.14,Asahan
2019,70.53,Asahan
2020,66.32,Asahan
2021,69.29,Asahan
2022,64.49,Asahan
2023,61.69,Asahan
2024,61.34,Asahan
2018,26.02,Asmat
2019,25.8,Asmat
2020,25.12,Asmat
2021,25.04,Asmat
2022,25.6,Asmat
2023,25.58,Asmat
2024,26.24,Asmat
2018,12.97,Badung
2019,11.89,Badung
2020,13.75,Badung
2021,18.52,Badung
2022,18.28,Badung
2023,17.01,Badung
2024,16.87,Badung
2018,7.21,Balangan
2019,7.27,Balangan
2020,7.06,Balangan
2021,8.06,Balangan
2022,7.83,Balangan
2023,7.07,Balangan
2024,6.68,Balangan
2018,246.13,Bandung
2019,223.21,Bandung
2020,263.6,Bandung
2021,269.18,Bandung
2022,258.61,Bandung
2023,245.49,Bandung
2024,239.87,Bandung
2018,169.0,Bandung Barat
2019,159.03,Bandung Barat
2020,179.46,Bandung Barat
2021,190.77,Bandung Barat
2022,183.67,Bandung Barat
2023,179.43,Bandung Barat
2024,179.7,Bandung Barat
2018,33.73,Banggai
2019,29.3,Banggai
2020,28.16,Banggai
2021,30.1,Banggai
2022,28.55,Banggai
2023,27.38,Banggai
2024,26.21,Banggai
2018,18.38,Banggai Kepulauan
2019,17.54,Banggai Kepulauan
2020,16.7,Banggai Kepulauan
2021,16.33,Banggai Kepulauan
2022,16.07,Banggai Kepulauan
2023,15.5,Banggai Kepulauan
2024,14.86,Banggai Kepulauan
2018,11.97,Banggai Laut
2019,11.46,Banggai Laut
2020,11.09,Banggai Laut
2021,10.92,Banggai Laut
2022,10.32,Banggai Laut
2023,11.27,Banggai Laut
2024,11.16,Banggai Laut
2018,18.02,Bangka
2019,16.52,Bangka
2020,15.41,Bangka
2021,16.19,Bangka
2022,14.5,Bangka
2023,14.87,Bangka
2024,14.76,Bangka
2018,6.35,Bangka Barat
2019,5.65,Bangka Barat
2020,5.83,Bangka Barat
2021,5.85,Bangka Barat
2022,5.3,Bangka Barat
2023,5.91,Bangka Barat
2024,5.71,Bangka Barat
2018,7.58,Bangka Selatan
2019,7.02,Bangka Selatan
2020,7.49,Bangka Selatan
2021,7.72,Bangka Selatan
2022,6.81,Bangka Selatan
2023,6.66,Bangka Selatan
2024,8.1,Bangka Selatan
2018,11.12,Bangka Tengah
2019,9.8,Bangka Tengah
2020,9.64,Bangka Tengah
2021,10.03,Bangka Tengah
2022,9.61,Bangka Tengah
2023,10.58,Bangka Tengah
2024,12.04,Bangka Tengah
2018,191.33,Bangkalan
2019,186.11,Bangkalan
2020,204.0,Bangkalan
2021,215.97,Bangkalan
2022,196.11,Bangkalan
2023,196.66,Bangkalan
2024,190.94,Bangkalan
2018,11.05,Bangli
2019,10.08,Bangli
2020,9.56,Bangli
2021,11.68,Bangli
2022,12.17,Bangli
2023,12.24,Bangli
2024,11.79,Bangli
2018,15.62,Banjar
2019,15.91,Banjar
2020,15.12,Banjar
2021,18.07,Banjar
2022,16.71,Banjar
2023,14.77,Banjar
2024,14.46,Banjar
2018,141.72,Banjarnegara
2019,136.1,Banjarnegara
2020,144.95,Banjarnegara
2021,150.19,Banjarnegara
2022,141.25,Banjarnegara
2023,138.99,Banjarnegara
2024,137.68,Banjarnegara
2018,17.2,Bantaeng
2019,16.91,Bantaeng
2020,16.84,Bantaeng
2021,17.78,Bantaeng
2022,17.22,Bantaeng
2023,17.49,Bantaeng
2024,15.8,Bantaeng
2018,134.84,Bantul
2019,131.15,Bantul
2020,138.66,Bantul
2021,146.98,Bantul
2022,130.13,Bantul
2023,128.51,Bantul
2024,126.93,Bantul
2018,95.29,Banyu Asin
2019,96.55,Banyu Asin
2020,96.27,Banyu Asin
2021,94.08,Banyu Asin
2022,88.55,Banyu Asin
2023,85.88,Banyu Asin
2024,84.36,Banyu Asin
2018,226.23,Banyumas
2019,211.65,Banyumas
2020,225.84,Banyumas
2021,232.91,Banyumas
2022,220.47,Banyumas
2023,216.5,Banyumas
2024,207.78,Banyumas
2018,125.5,Banyuwangi
2019,121.37,Banyuwangi
2020,130.37,Banyuwangi
2021,130.93,Banyuwangi
2022,122.01,Banyuwangi
2023,119.52,Banyuwangi
2024,106.61,Banyuwangi
2018,14.09,Barito Kuala
2019,14.49,Barito Kuala
2020,14.25,Barito Kuala
2021,16.1,Barito Kuala
2022,15.06,Barito Kuala
2023,14.71,Barito Kuala
2024,14.04,Barito Kuala
2018,6.16,Barito Selatan
2019,5.99,Barito Selatan
2020,6.12,Barito Selatan
2021,6.42,Barito Selatan
2022,6.83,Barito Selatan
2023,6.66,Barito Selatan
2024,6.87,Barito Selatan
2018,8.05,Barito Timur
2019,7.97,Barito Timur
2020,7.88,Barito Timur
2021,8.02,Barito Timur
2022,8.42,Barito Timur
2023,8.59,Barito Timur
2024,8.74,Barito Timur
2018,6.5,Barito Utara
2019,6.46,Barito Utara
2020,6.78,Barito Utara
2021,7.4,Barito Utara
2022,7.7,Barito Utara
2023,7.14,Barito Utara
2024,7.6,Barito Utara
2018,15.68,Barru
2019,14.92,Barru
2020,14.44,Barru
2021,15.18,Barru
2022,14.73,Barru
2023,14.88,Barru
2024,14.64,Barru
2018,66.08,Batang
2019,64.07,Batang
2020,70.57,Batang
2021,74.91,Batang
2022,69.94,Batang
2023,69.97,Batang
2024,68.85,Batang
2018,27.55,Batang Hari
2019,26.53,Batang Hari
2020,26.54,Batang Hari
2021,27.24,Batang Hari
2022,26.24,Batang Hari
2023,25.88,Batang Hari
2024,23.74,Batang Hari
2018,51.78,Batu Bara
2019,50.46,Batu Bara
2020,49.78,Batu Bara
2021,52.59,Batu Bara
2022,49.39,Batu Bara
2023,49.18,Batu Bara
2024,47.66,Batu Bara
2018,157.21,Bekasi
2019,149.43,Bekasi
2020,186.3,Bekasi
2021,202.73,Bekasi
2022,201.14,Bekasi
2023,204.09,Bekasi
2024,204.54,Bekasi
2018,14.0,Belitung
2019,11.88,Belitung
2020,12.07,Belitung
2021,13.53,Belitung
2022,12.34,Belitung
2023,12.51,Belitung
2024,11.97,Belitung
2018,8.93,Belitung Timur
2019,8.51,Belitung Timur
2020,8.56,Belitung Timur
2021,9.29,Belitung Timur
2022,8.47,Belitung Timur
2023,8.89,Belitung Timur
2024,8.5,Belitung Timur
2018,33.91,Belu
2019,34.08,Belu
2020,34.18,Belu
2021,35.41,Belu
2022,33.98,Belu
2023,33.19,Belu
2024,32.57,Belu
2018,29.08,Bener Meriah
2019,28.45,Bener Meriah
2020,28.38,Bener Meriah
2021,28.69,Bener Meriah
2022,27.93,Bener Meriah
2023,28.19,Bener Meriah
2024,28.37,Bener Meriah
2018,35.11,Bengkalis
2019,35.83,Bengkalis
2020,36.96,Bengkalis
2021,37.66,Bengkalis
2022,36.03,Bengkalis
2023,36.1,Bengkalis
2024,36.56,Bengkalis
2018,17.94,Bengkayang
2019,17.69,Bengkayang
2020,17.11,Bengkayang
2021,16.92,Bengkayang
2022,15.97,Bengkayang
2023,16.87,Bengkayang
2024,16.35,Bengkayang
2018,29.19,Bengkulu Selatan
2019,29.3,Bengkulu Selatan
2020,28.41,Bengkulu Selatan
2021,31.65,Bengkulu Selatan
2022,31.83,Bengkulu Selatan
2023,31.89,Bengkulu Selatan
2024,31.8,Bengkulu Selatan
2018,9.24,Bengkulu Tengah
2019,10.06,Bengkulu Tengah
2020,10.79,Bengkulu Tengah
2021,11.12,Bengkulu Tengah
2022,11.33,Bengkulu Tengah
2023,11.01,Bengkulu Tengah
2024,11.98,Bengkulu Tengah
2018,35.78,Bengkulu Utara
2019,35.94,Bengkulu Utara
2020,36.67,Bengkulu Utara
2021,35.55,Bengkulu Utara
2022,35.51,Bengkulu Utara
2023,35.26,Bengkulu Utara
2024,34.52,Bengkulu Utara
2018,11.33,Berau
2019,11.62,Berau
2020,12.3,Berau
2021,13.62,Berau
2022,13.31,Berau
2023,13.26,Berau
2024,12.35,Berau
2018,37.93,Biak Numfor
2019,38.6,Biak Numfor
2020,38.02,Biak Numfor
2021,36.38,Biak Numfor
2022,36.8,Biak Numfor
2023,35.7,Biak Numfor
2024,35.94,Biak Numfor
2018,71.65,Bima
2019,71.95,Bima
2020,71.32,Bima
2021,75.49,Bima
2022,74.46,Bima
2023,74.74,Bima
2024,72.92,Bima
2018,10.42,Bintan
2019,10.14,Bintan
2020,10.21,Bintan
2021,10.54,Bintan
2022,10.67,Bintan
2023,9.86,Bintan
2024,9.17,Bintan
2018,65.74,Bireuen
2019,63.6,Bireuen
2020,62.42,Bireuen
2021,63.02,Bireuen
2022,60.29,Bireuen
2023,59.21,Bireuen
2024,59.93,Bireuen
2018,112.4,Blitar
2019,103.75,Blitar
2020,108.55,Blitar
2021,112.62,Blitar
2022,101.94,Blitar
2023,101.94,Blitar
2024,95.91,Blitar
2018,102.5,Blora
2019,97.86,Blora
2020,103.73,Blora
2021,107.05,Blora
2022,99.83,Blora
2023,99.61,Blora
2024,99.14,Blora
2018,32.83,Boalemo
2019,31.31,Boalemo
2020,31.63,Boalemo
2021,31.83,Boalemo
2022,31.97,Boalemo
2023,31.94,Boalemo
2024,31.53,Boalemo
2018,415.02,Bogor
2019,395.03,Bogor
2020,465.67,Bogor
2021,491.24,Bogor
2022,474.74,Bogor
2023,453.76,Bogor
2024,446.79,Bogor
2018,163.94,Bojonegoro
2019,154.64,Bojonegoro
2020,161.1,Bojonegoro
2021,166.52,Bojonegoro
2022,153.4,Bojonegoro
2023,153.25,Bojonegoro
2024,147.33,Bojonegoro
2018,18.49,Bolaang Mongondow
2019,18.3,Bolaang Mongondow
2020,18.07,Bolaang Mongondow
2021,19.08,Bolaang Mongondow
2022,17.96,Bolaang Mongondow
2023,19.02,Bolaang Mongondow
2024,20.19,Bolaang Mongondow
2018,8.82,Bolaang Mongondow Selatan
2019,8.74,Bolaang Mongondow Selatan
2020,8.53,Bolaang Mongondow Selatan
2021,8.63,Bolaang Mongondow Selatan
2022,8.1,Bolaang Mongondow Selatan
2023,8.28,Bolaang Mongondow Selatan
2024,7.88,Bolaang Mongondow Selatan
2018,4.3,Bolaang Mongondow Timur
2019,4.41,Bolaang Mongondow Timur
2020,4.3,Bolaang Mongondow Timur
2021,4.47,Bolaang Mongondow Timur
2022,4.32,Bolaang Mongondow Timur
2023,4.32,Bolaang Mongondow Timur
2024,4.41,Bolaang Mongondow Timur
2018,6.84,Bolaang Mongondow Utara
2019,6.77,Bolaang Mongondow Utara
2020,6.82,Bolaang Mongondow Utara
2021,6.53,Bolaang Mongondow Utara
2022,6.01,Bolaang Mongondow Utara
2023,6.56,Bolaang Mongondow Utara
2024,6.6,Bolaang Mongondow Utara
2018,19.77,Bombana
2019,19.37,Bombana
2020,18.84,Bombana
2021,19.73,Bombana
2022,19.21,Bombana
2023,20.52,Bombana
2024,20.56,Bombana
2018,110.98,Bondowoso
2019,103.33,Bondowoso
2020,110.24,Bondowoso
2021,115.18,Bondowoso
2022,105.69,Bondowoso
2023,105.13,Bondowoso
2024,99.62,Bondowoso
2018,79.57,Bone
2019,76.25,Bone
2020,81.33,Bone
2021,79.64,Bone
2022,80.34,Bone
2023,80.12,Bone
2024,73.03,Bone
2018,27.61,Bone Bolango
2019,25.91,Bone Bolango
2020,25.72,Bone Bolango
2021,25.76,Bone Bolango
2022,25.47,Bone Bolango
2023,24.72,Bone Bolango
2024,23.67,Bone Bolango
2018,13.7,Boven Digoel
2019,13.54,Boven Digoel
2020,13.86,Boven Digoel
2021,13.88,Boven Digoel
2022,14.2,Boven Digoel
2023,14.25,Boven Digoel
2024,14.05,Boven Digoel
2018,98.23,Boyolali
2019,93.75,Boyolali
2020,100.59,Boyolali
2021,104.82,Boyolali
2022,97.18,Boyolali
2023,97.48,Boyolali
2024,95.96,Boyolali
2018,309.17,Brebes
2019,293.18,Brebes
2020,308.78,Brebes
2021,314.95,Brebes
2022,290.66,Brebes
2023,286.14,Brebes
2024,283.28,Brebes
2018,35.2,Buleleng
2019,34.26,Buleleng
2020,35.25,Buleleng
2021,40.92,Buleleng
2022,41.68,Buleleng
2023,39.52,Buleleng
2024,36.55,Buleleng
2018,31.25,Bulukumba
2019,30.49,Bulukumba
2020,30.0,Bulukumba
2021,31.31,Bulukumba
2022,31.29,Bulukumba
2023,30.65,Bulukumba
2024,28.6,Bulukumba
2018,13.03,Bulungan
2019,12.4,Bulungan
2020,13.08,Bulungan
2021,13.48,Bulungan
2022,12.58,Bulungan
2023,12.19,Bulungan
2024,11.95,Bulungan
2018,21.11,Bungo
2019,20.87,Bungo
2020,22.07,Bungo
2021,23.64,Bungo
2022,20.69,Bungo
2023,20.65,Bungo
2024,20.04,Bungo
2018,25.4,Buol
2019,24.51,Buol
2020,22.93,Buol
2021,23.46,Buol
2022,21.84,Buol
2023,23.13,Buol
2024,23.05,Buol
2018,23.62,Buru
2019,23.89,Buru
2020,24.42,Buru
2021,25.23,Buru
2022,23.6,Buru
2023,25.19,Buru
2024,25.02,Buru
2018,10.12,Buru Selatan
2019,10.17,Buru Selatan
2020,10.07,Buru Selatan
2021,9.99,Buru Selatan
2022,9.35,Buru Selatan
2023,9.77,Buru Selatan
2024,9.61,Buru Selatan
2018,13.78,Buton
2019,13.97,Buton
2020,13.68,Buton
2021,14.25,Buton
2022,13.61,Buton
2023,14.15,Buton
2024,14.41,Buton
2018,11.86,Buton Selatan
2019,11.81,Buton Selatan
2020,11.5,Buton Selatan
2021,11.71,Buton Selatan
2022,11.57,Buton Selatan
2023,11.88,Buton Selatan
2024,11.5,Buton Selatan
2018,13.72,Buton Tengah
2019,14.64,Buton Tengah
2020,14.4,Buton Tengah
2021,14.73,Buton Tengah
2022,13.92,Buton Tengah
2023,14.46,Buton Tengah
2024,13.52,Buton Tengah
2018,9.38,Buton Utara
2019,9.18,Buton Utara
2020,9.13,Buton Utara
2021,9.45,Buton Utara
2022,9.13,Buton Utara
2023,9.09,Buton Utara
2024,9.18,Buton Utara
2018,85.72,Ciamis
2019,79.41,Ciamis
2020,91.39,Ciamis
2021,96.6,Ciamis
2022,93.96,Ciamis
2023,90.84,Ciamis
2024,90.79,Ciamis
2018,221.58,Cianjur
2019,207.07,Cianjur
2020,234.47,Cianjur
2021,260.02,Cianjur
2022,246.81,Cianjur
2023,240.06,Cianjur
2024,239.3,Cianjur
2018,193.18,Cilacap
2019,185.18,Cilacap
2020,198.6,Cilacap
2021,201.71,Cilacap
2022,190.96,Cilacap
2023,191.0,Cilacap
2024,186.08,Cilacap
2018,232.37,Cirebon
2019,217.64,Cirebon
2020,247.94,Cirebon
2021,271.02,Cirebon
2022,266.1,Cirebon
2023,249.18,Cirebon
2024,245.92,Cirebon
2018,23.19,Dairi
2019,21.86,Dairi
2020,22.93,Dairi
2021,23.72,Dairi
2022,22.53,Dairi
2023,21.42,Dairi
2024,20.4,Dairi
2018,31.5,Deiyai
2019,31.87,Deiyai
2020,30.98,Deiyai
2021,30.83,Deiyai
2022,31.04,Deiyai
2023,30.18,Deiyai
2024,30.85,Deiyai
2018,88.52,Deli Serdang
2019,84.94,Deli Serdang
2020,86.26,Deli Serdang
2021,92.52,Deli Serdang
2022,85.28,Deli Serdang
2023,82.75,Deli Serdang
2024,84.24,Deli Serdang
2018,144.12,Demak
2019,137.6,Demak
2020,146.87,Demak
2021,151.74,Demak
2022,143.01,Demak
2023,143.26,Demak
2024,142.92,Demak
2018,15.42,Dharmasraya
2019,15.49,Dharmasraya
2020,15.7,Dharmasraya
2021,17.6,Dharmasraya
2022,15.08,Dharmasraya
2023,15.49,Dharmasraya
2024,15.25,Dharmasraya
2018,29.32,Dogiyai
2019,30.37,Dogiyai
2020,28.31,Dogiyai
2021,28.38,Dogiyai
2022,29.32,Dogiyai
2023,29.32,Dogiyai
2024,30.42,Dogiyai
2018,30.74,Dompu
2019,30.81,Dompu
2020,30.97,Dompu
2021,33.26,Dompu
2022,33.27,Dompu
2023,34.38,Dompu
2024,32.08,Dompu
2018,54.28,Donggala
2019,55.83,Donggala
2020,53.17,Donggala
2021,51.23,Donggala
2022,50.22,Donggala
2023,50.37,Donggala
2024,47.68,Donggala
2018,30.2,Empat Lawang
2019,30.68,Empat Lawang
2020,31.89,Empat Lawang
2021,34.11,Empat Lawang
2022,31.06,Empat Lawang
2023,30.78,Empat Lawang
2024,28.42,Empat Lawang
2018,66.01,Ende
2019,63.45,Ende
2020,65.22,Ende
2021,66.38,Ende
2022,63.4,Ende
2023,63.1,Ende
2024,62.37,Ende
2018,25.53,Enrekang
2019,25.4,Enrekang
2020,25.25,Enrekang
2021,26.13,Enrekang
2022,26.15,Enrekang
2023,26.97,Enrekang
2024,24.06,Enrekang
2018,18.73,Fakfak
2019,18.22,Fakfak
2020,17.72,Fakfak
2021,18.51,Fakfak
2022,18.13,Fakfak
2023,17.84,Fakfak
2024,17.67,Fakfak
2018,27.99,Flores Timur
2019,27.83,Flores Timur
2020,27.89,Flores Timur
2021,28.9,Flores Timur
2022,28.08,Flores Timur
2023,30.93,Flores Timur
2024,29.74,Flores Timur
2018,241.31,Garut
2019,235.19,Garut
2020,262.78,Garut
2021,281.36,Garut
2022,276.67,Garut
2023,260.48,Garut
2024,259.32,Garut
2018,19.09,Gayo Lues
2019,18.63,Gayo Lues
2020,18.42,Gayo Lues
2021,18.61,Gayo Lues
2022,18.09,Gayo Lues
2023,18.24,Gayo Lues
2024,17.93,Gayo Lues
2018,21.26,Gianyar
2019,19.85,Gianyar
2020,21.01,Gianyar
2021,25.36,Gianyar
2022,24.74,Gianyar
2023,23.76,Gianyar
2024,21.45,Gianyar
2018,74.69,Gorontalo
2019,68.31,Gorontalo
2020,66.73,Gorontalo
2021,67.21,Gorontalo
2022,66.64,Gorontalo
2023,65.88,Gorontalo
2024,61.91,Gorontalo
2018,21.09,Gorontalo Utara
2019,19.46,Gorontalo Utara
2020,19.56,Gorontalo Utara
2021,19.34,Gorontalo Utara
2022,19.38,Gorontalo Utara
2023,19.17,Gorontalo Utara
2024,18.99,Gorontalo Utara
2018,59.34,Gowa
2019,57.99,Gowa
2020,57.68,Gowa
2021,58.66,Gowa
2022,57.96,Gowa
2023,59.1,Gowa
2024,55.13,Gowa
2018,154.02,Gresik
2019,148.61,Gresik
2020,164.05,Gresik
2021,166.35,Gresik
2022,149.64,Gresik
2023,149.75,Gresik
2024,142.39,Gresik
2018,168.7,Grobogan
2019,161.92,Grobogan
2020,172.26,Grobogan
2021,175.72,Grobogan
2022,163.2,Grobogan
2023,162.52,Grobogan
2024,159.0,Grobogan
2018,125.76,Gunung Kidul
2019,123.08,Gunung Kidul
2020,127.61,Gunung Kidul
2021,135.33,Gunung Kidul
2022,122.82,Gunung Kidul
2023,122.24,Gunung Kidul
2024,120.41,Gunung Kidul
2018,5.96,Gunung Mas
2019,5.86,Gunung Mas
2020,5.78,Gunung Mas
2021,6.3,Gunung Mas
2022,6.7,Gunung Mas
2023,6.55,Gunung Mas
2024,6.86,Gunung Mas
2018,10.14,Halmahera Barat
2019,10.13,Halmahera Barat
2020,10.56,Halmahera Barat
2021,10.59,Halmahera Barat
2022,10.06,Halmahera Barat
2023,10.53,Halmahera Barat
2024,10.65,Halmahera Barat
2018,11.01,Halmahera Selatan
2019,11.79,Halmahera Selatan
2020,12.41,Halmahera Selatan
2021,12.24,Halmahera Selatan
2022,11.89,Halmahera Selatan
2023,13.65,Halmahera Selatan
2024,13.69,Halmahera Selatan
2018,7.51,Halmahera Tengah
2019,7.81,Halmahera Tengah
2020,7.7,Halmahera Tengah
2021,7.65,Halmahera Tengah
2022,6.93,Halmahera Tengah
2023,6.74,Halmahera Tengah
2024,6.44,Halmahera Tengah
2018,13.82,Halmahera Timur
2019,14.53,Halmahera Timur
2020,14.97,Halmahera Timur
2021,14.58,Halmahera Timur
2022,13.0,Halmahera Timur
2023,12.59,Halmahera Timur
2024,12.27,Halmahera Timur
2018,8.56,Halmahera Utara
2019,8.79,Halmahera Utara
2020,8.75,Halmahera Utara
2021,10.16,Halmahera Utara
2022,9.01,Halmahera Utara
2023,9.18,Halmahera Utara
2024,9.48,Halmahera Utara
2018,12.22,Hulu Sungai Selatan
2019,12.64,Hulu Sungai Selatan
2020,12.39,Hulu Sungai Selatan
2021,11.47,Hulu Sungai Selatan
2022,10.8,Hulu Sungai Selatan
2023,9.61,Hulu Sungai Selatan
2024,8.14,Hulu Sungai Selatan
2018,16.14,Hulu Sungai Tengah
2019,16.1,Hulu Sungai Tengah
2020,15.47,Hulu Sungai Tengah
2021,16.77,Hulu Sungai Tengah
2022,16.14,Hulu Sungai Tengah
2023,16.01,Hulu Sungai Tengah
2024,16.03,Hulu Sungai Tengah
2018,14.92,Hulu Sungai Utara
2019,15.4,Hulu Sungai Utara
2020,14.72,Hulu Sungai Utara
2021,16.19,Hulu Sungai Utara
2022,15.5,Hulu Sungai Utara
2023,15.02,Hulu Sungai Utara
2024,13.93,Hulu Sungai Utara
2018,16.93,Humbang Hasundutan
2019,16.6,Humbang Hasundutan
2020,17.92,Humbang Hasundutan
2021,18.71,Humbang Hasundutan
2022,17.33,Humbang Hasundutan
2023,17.14,Humbang Hasundutan
2024,16.78,Humbang Hasundutan
2018,51.42,Indragiri Hilir
2019,48.29,Indragiri Hilir
2020,44.29,Indragiri Hilir
2021,44.61,Indragiri Hilir
2022,43.22,Indragiri Hilir
2023,40.86,Indragiri Hilir
2024,41.05,Indragiri Hilir
2018,27.22,Indragiri Hulu
2019,26.66,Indragiri Hulu
2020,26.66,Indragiri Hulu
2021,27.35,Indragiri Hulu
2022,27.46,Indragiri Hulu
2023,27.4,Indragiri Hulu
2024,27.53,Indragiri Hulu
2018,204.18,Indramayu
2019,191.86,Indramayu
2020,220.31,Indramayu
2021,228.59,Indramayu
2022,225.04,Indramayu
2023,214.74,Indramayu
2024,212.14,Indramayu
2018,20.8,Intan Jaya
2019,21.1,Intan Jaya
2020,20.46,Intan Jaya
2021,21.31,Intan Jaya
2022,21.86,Intan Jaya
2023,21.16,Intan Jaya
2024,22.25,Intan Jaya
2018,17.19,Jayapura
2019,17.19,Jayapura
2020,16.61,Jayapura
2021,15.56,Jayapura
2022,15.43,Jayapura
2023,14.91,Jayapura
2024,15.21,Jayapura
2018,82.9,Jayawijaya
2019,83.23,Jayawijaya
2020,81.71,Jayawijaya
2021,78.18,Jayawijaya
2022,75.59,Jayawijaya
2023,73.42,Jayawijaya
2024,68.36,Jayawijaya
2018,243.42,Jember
2019,226.57,Jember
2020,247.99,Jember
2021,257.09,Jember
2022,232.73,Jember
2023,236.46,Jember
2024,224.77,Jember
2018,14.35,Jembrana
2019,13.55,Jembrana
2020,12.6,Jembrana
2021,14.24,Jembrana
2022,15.0,Jembrana
2023,14.12,Jembrana
2024,12.9,Jembrana
2018,55.95,Jeneponto
2019,54.05,Jeneponto
2020,53.24,Jeneponto
2021,52.35,Jeneponto
2022,50.59,Jeneponto
2023,48.32,Jeneponto
2024,43.9,Jeneponto
2018,86.54,Jepara
2019,83.47,Jepara
2020,91.14,Jepara
2021,95.22,Jepara
2022,89.08,Jepara
2023,86.75,Jepara
2024,80.84,Jepara
2018,120.19,Jombang
2019,116.44,Jombang
2020,125.94,Jombang
2021,127.3,Jombang
2022,115.48,Jombang
2023,117.36,Jombang
2024,110.57,Jombang
2018,9.66,Kaimana
2019,9.63,Kaimana
2020,9.52,Kaimana
2021,10.31,Kaimana
2022,10.11,Kaimana
2023,9.9,Kaimana
2024,10.06,Kaimana
2018,69.32,Kampar
2019,66.81,Kampar
2020,65.3,Kampar
2021,68.74,Kampar
2022,63.55,Kampar
2023,63.84,Kampar
2024,63.74,Kampar
2018,18.52,Kapuas
2019,18.23,Kapuas
2020,18.17,Kapuas
2021,19.45,Kapuas
2022,20.18,Kapuas
2023,19.19,Kapuas
2024,19.47,Kapuas
2018,24.76,Kapuas Hulu
2019,25.22,Kapuas Hulu
2020,23.93,Kapuas Hulu
2021,24.03,Kapuas Hulu
2022,23.43,Kapuas Hulu
2023,22.59,Kapuas Hulu
2024,20.77,Kapuas Hulu
2018,26.02,Karang Asem
2019,25.99,Karang Asem
2020,24.69,Karang Asem
2021,28.52,Karang Asem
2022,29.45,Karang Asem
2023,27.83,Karang Asem
2024,27.76,Karang Asem
2018,87.79,Karanganyar
2019,84.46,Karanganyar
2020,91.72,Karanganyar
2021,95.41,Karanganyar
2022,88.56,Karanganyar
2023,88.64,Karanganyar
2024,87.37,Karanganyar
2018,187.96,Karawang
2019,173.66,Karawang
2020,195.41,Karawang
2021,210.78,Karawang
2022,199.91,Karawang
2023,187.23,Karawang
2024,187.77,Karawang
2018,15.93,Karimun
2019,15.36,Karimun
2020,15.99,Karimun
2021,16.28,Karimun
2022,16.44,Karimun
2023,14.33,Karimun
2024,13.99,Karimun
2018,35.36,Karo
2019,34.08,Karo
2020,36.57,Karo
2021,38.01,Karo
2022,35.93,Karo
2023,35.65,Karo
2024,33.44,Karo
2018,8.73,Katingan
2019,8.51,Katingan
2020,8.23,Katingan
2021,9.15,Katingan
2022,9.71,Katingan
2023,8.95,Katingan
2024,9.55,Katingan
2018,23.2,Kaur
2019,22.84,Kaur
2020,22.57,Kaur
2021,22.99,Kaur
2022,22.57,Kaur
2023,22.45,Kaur
2024,21.75,Kaur
2018,11.13,Kayong Utara
2019,11.21,Kayong Utara
2020,10.9,Kayong Utara
2021,10.72,Kayong Utara
2022,10.52,Kayong Utara
2023,10.77,Kayong Utara
2024,10.56,Kayong Utara
2018,208.66,Kebumen
2019,201.34,Kebumen
2020,211.09,Kebumen
2021,212.92,Kebumen
2022,196.16,Kebumen
2023,195.45,Kebumen
2024,187.95,Kebumen
2018,177.2,Kediri
2019,163.95,Kediri
2020,179.93,Kediri
2021,184.49,Kediri
2022,169.46,Kediri
2023,171.18,Kediri
2024,159.27,Kediri
2018,9.4,Keerom
2019,9.55,Keerom
2020,9.42,Keerom
2021,9.3,Keerom
2022,9.27,Keerom
2023,9.32,Keerom
2024,9.52,Keerom
2018,94.7,Kendal
2019,91.2,Kendal
2020,97.49,Kendal
2021,100.0,Kendal
2022,93.03,Kendal
2023,92.64,Kendal
2024,92.71,Kendal
2018,19.58,Kepahiang
2019,20.18,Kepahiang
2020,20.27,Kepahiang
2021,20.94,Kepahiang
2022,20.73,Kepahiang
2023,20.32,Kepahiang
2024,18.73,Kepahiang
2018,2.9,Kepulauan Anambas
2019,2.72,Kepulauan Anambas
2020,2.8,Kepulauan Anambas
2021,3.08,Kepulauan Anambas
2022,3.29,Kepulauan Anambas
2023,3.08,Kepulauan Anambas
2024,2.98,Kepulauan Anambas
2018,25.68,Kepulauan Aru
2019,25.62,Kepulauan Aru
2020,25.45,Kepulauan Aru
2021,25.11,Kepulauan Aru
2022,22.36,Kepulauan Aru
2023,23.13,Kepulauan Aru
2024,22.45,Kepulauan Aru
2018,12.99,Kepulauan Mentawai
2019,13.22,Kepulauan Mentawai
2020,13.37,Kepulauan Mentawai
2021,14.31,Kepulauan Mentawai
2022,13.74,Kepulauan Mentawai
2023,13.76,Kepulauan Mentawai
2024,14.19,Kepulauan Mentawai
2018,51.17,Kepulauan Meranti
2019,49.89,Kepulauan Meranti
2020,47.1,Kepulauan Meranti
2021,48.5,Kepulauan Meranti
2022,45.25,Kepulauan Meranti
2023,43.82,Kepulauan Meranti
2024,44.34,Kepulauan Meranti
2018,15.46,Kepulauan Sangihe
2019,14.62,Kepulauan Sangihe
2020,14.64,Kepulauan Sangihe
2021,14.55,Kepulauan Sangihe
2022,13.89,Kepulauan Sangihe
2023,14.6,Kepulauan Sangihe
2024,14.38,Kepulauan Sangihe
2018,17.59,Kepulauan Selayar
2019,17.36,Kepulauan Selayar
2020,17.04,Kepulauan Selayar
2021,16.93,Kepulauan Selayar
2022,16.74,Kepulauan Selayar
2023,16.89,Kepulauan Selayar
2024,14.94,Kepulauan Selayar
2018,2.88,Kepulauan Seribu
2019,2.93,Kepulauan Seribu
2020,3.63,Kepulauan Seribu
2021,3.86,Kepulauan Seribu
2022,3.67,Kepulauan Seribu
2023,3.47,Kepulauan Seribu
2024,3.49,Kepulauan Seribu
2018,9.19,Kepulauan Sula
2019,9.29,Kepulauan Sula
2020,8.81,Kepulauan Sula
2021,8.36,Kepulauan Sula
2022,7.84,Kepulauan Sula
2023,8.45,Kepulauan Sula
2024,8.31,Kepulauan Sula
2018,8.68,Kepulauan Talaud
2019,9.1,Kepulauan Talaud
2020,8.84,Kepulauan Talaud
2021,8.37,Kepulauan Talaud
2022,7.72,Kepulauan Talaud
2023,7.97,Kepulauan Talaud
2024,7.74,Kepulauan Talaud
2018,26.3,Kepulauan Yapen
2019,27.19,Kepulauan Yapen
2020,27.04,Kepulauan Yapen
2021,25.67,Kepulauan Yapen
2022,26.01,Kepulauan Yapen
2023,26.03,Kepulauan Yapen
2024,26.09,Kepulauan Yapen
2018,16.79,Kerinci
2019,17.0,Kerinci
2020,17.48,Kerinci
2021,18.45,Kerinci
2022,18.2,Kerinci
2023,18.21,Kerinci
2024,16.83,Kerinci
2018,54.86,Ketapang
2019,53.84,Ketapang
2020,53.45,Ketapang
2021,53.04,Ketapang
2022,49.92,Ketapang
2023,49.95,Ketapang
2024,46.59,Ketapang
2018,151.73,Klaten
2019,144.14,Klaten
2020,151.83,Klaten
2021,158.23,Klaten
2022,144.87,Klaten
2023,144.43,Klaten
2024,141.84,Klaten
2018,10.43,Klungkung
2019,9.66,Klungkung
2020,8.76,Klungkung
2021,10.19,Klungkung
2022,10.89,Klungkung
2023,10.22,Klungkung
2024,9.68,Klungkung
2018,24.74,Kolaka
2019,24.0,Kolaka
2020,23.76,Kolaka
2021,33.45,Kolaka
2022,31.56,Kolaka
2023,32.96,Kolaka
2024,33.2,Kolaka
2018,25.97,Kolaka Timur
2019,26.29,Kolaka Timur
2020,26.38,Kolaka Timur
2021,20.03,Kolaka Timur
2022,19.33,Kolaka Timur
2023,20.41,Kolaka Timur
2024,20.33,Kolaka Timur
2018,21.03,Kolaka Utara
2019,19.8,Kolaka Utara
2020,19.83,Kolaka Utara
2021,21.36,Kolaka Utara
2022,20.63,Kolaka Utara
2023,21.79,Kolaka Utara
2024,22.07,Kolaka Utara
2018,33.4,Konawe
2019,31.25,Konawe
2020,31.63,Konawe
2021,32.46,Konawe
2022,32.09,Konawe
2023,33.09,Konawe
2024,33.99,Konawe
2018,5.87,Konawe Kepulauan
2019,5.86,Konawe Kepulauan
2020,5.88,Konawe Kepulauan
2021,5.98,Konawe Kepulauan
2022,5.47,Konawe Kepulauan
2023,5.44,Konawe Kepulauan
2024,5.36,Konawe Kepulauan
2018,33.73,Konawe Selatan
2019,33.89,Konawe Selatan
2020,34.22,Konawe Selatan
2021,36.17,Konawe Selatan
2022,35.79,Konawe Selatan
2023,36.84,Konawe Selatan
2024,37.09,Konawe Selatan
2018,8.82,Konawe Utara
2019,8.67,Konawe Utara
2020,8.78,Konawe Utara
2021,9.26,Konawe Utara
2022,9.02,Konawe Utara
2023,9.01,Konawe Utara
2024,8.94,Konawe Utara
2018,21.61,Kota Ambon
2019,21.66,Kota Ambon
2020,22.15,Kota Ambon
2021,23.67,Kota Ambon
2022,22.58,Kota Ambon
2023,25.87,Kota Ambon
2024,25.81,Kota Ambon
2018,17.01,Kota Balikpapan
2019,15.78,Kota Balikpapan
2020,17.02,Kota Balikpapan
2021,18.53,Kota Balikpapan
2022,15.83,Kota Balikpapan
2023,14.99,Kota Balikpapan
2024,14.53,Kota Balikpapan
2018,19.13,Kota Banda Aceh
2019,19.42,Kota Banda Aceh
2020,18.97,Kota Banda Aceh
2021,20.95,Kota Banda Aceh
2022,19.9,Kota Banda Aceh
2023,19.94,Kota Banda Aceh
2024,19.97,Kota Banda Aceh
2018,93.04,Kota Bandar Lampung
2019,91.24,Kota Bandar Lampung
2020,93.74,Kota Bandar Lampung
2021,98.76,Kota Bandar Lampung
2022,90.51,Kota Bandar Lampung
2023,87.08,Kota Bandar Lampung
2024,83.88,Kota Bandar Lampung
2018,89.38,Kota Bandung
2019,84.67,Kota Bandung
2020,100.02,Kota Bandung
2021,112.5,Kota Bandung
2022,109.82,Kota Bandung
2023,102.8,Kota Bandung
2024,101.1,Kota Bandung
2018,10.41,Kota Banjar
2019,10.07,Kota Banjar
2020,11.16,Kota Banjar
2021,13.37,Kota Banjar
2022,12.73,Kota Banjar
2023,11.66,Kota Banjar
2024,11.16,Kota Banjar
2018,10.64,Kota Banjar Baru
2019,11.22,Kota Banjar Baru
2020,10.75,Kota Banjar Baru
2021,11.95,Kota Banjar Baru
2022,11.61,Kota Banjar Baru
2023,11.18,Kota Banjar Baru
2024,11.07,Kota Banjar Baru
2018,29.24,Kota Banjarmasin
2019,29.65,Kota Banjarmasin
2020,31.31,Kota Banjarmasin
2021,34.84,Kota Banjarmasin
2022,34.01,Kota Banjarmasin
2023,33.47,Kota Banjarmasin
2024,33.38,Kota Banjarmasin
2018,15.17,Kota Baru
2019,15.29,Kota Baru
2020,14.6,Kota Baru
2021,16.83,Kota Baru
2022,15.07,Kota Baru
2023,15.32,Kota Baru
2024,15.98,Kota Baru
2018,67.41,Kota Batam
2019,66.21,Kota Batam
2020,67.06,Kota Batam
2021,77.17,Kota Batam
2022,82.59,Kota Batam
2023,83.09,Kota Batam
2024,83.57,Kota Batam
2018,7.98,Kota Batu
2019,7.89,Kota Batu
2020,8.12,Kota Batu
2021,8.63,Kota Batu
2022,8.05,Kota Batu
2023,7.1,Kota Batu
2024,6.59,Kota Batu
2018,12.59,Kota Baubau
2019,12.42,Kota Baubau
2020,12.53,Kota Baubau
2021,13.3,Kota Baubau
2022,12.69,Kota Baubau
2023,13.29,Kota Baubau
2024,13.25,Kota Baubau
2018,119.82,Kota Bekasi
2019,113.65,Kota Bekasi
2020,134.01,Kota Bekasi
2021,144.12,Kota Bekasi
2022,137.39,Kota Bekasi
2023,129.4,Kota Bekasi
2024,128.84,Kota Bekasi
2018,70.44,Kota Bengkulu
2019,69.26,Kota Bengkulu
2020,69.12,Kota Bengkulu
2021,66.94,Kota Bengkulu
2022,59.43,Kota Bengkulu
2023,56.1,Kota Bengkulu
2024,52.96,Kota Bengkulu
2018,14.84,Kota Bima
2019,14.8,Kota Bima
2020,14.66,Kota Bima
2021,16.22,Kota Bima
2022,16.44,Kota Bima
2023,16.53,Kota Bima
2024,15.81,Kota Bima
2018,16.07,Kota Binjai
2019,15.61,Kota Binjai
2020,15.91,Kota Binjai
2021,16.46,Kota Binjai
2022,14.61,Kota Binjai
2023,13.85,Kota Binjai
2024,13.86,Kota Binjai
2018,14.34,Kota Bitung
2019,14.1,Kota Bitung
2020,14.18,Kota Bitung
2021,14.33,Kota Bitung
2022,14.0,Kota Bitung
2023,15.0,Kota Bitung
2024,14.5,Kota Bitung
2018,10.47,Kota Blitar
2019,10.1,Kota Blitar
2020,11.1,Kota Blitar
2021,11.33,Kota Blitar
2022,10.65,Kota Blitar
2023,10.61,Kota Blitar
2024,9.86,Kota Blitar
2018,64.85,Kota Bogor
2019,63.97,Kota Bogor
2020,75.04,Kota Bogor
2021,80.09,Kota Bogor
2022,79.15,Kota Bogor
2023,74.95,Kota Bogor
2024,73.93,Kota Bogor
2018,8.1,Kota Bontang
2019,7.47,Kota Bontang
2020,7.91,Kota Bontang
2021,8.41,Kota Bontang
2022,8.39,Kota Bontang
2023,7.71,Kota Bontang
2024,7.11,Kota Bontang
2018,6.32,Kota Bukittinggi
2019,6.0,Kota Bukittinggi
2020,6.01,Kota Bukittinggi
2021,6.98,Kota Bukittinggi
2022,6.16,Kota Bukittinggi
2023,5.78,Kota Bukittinggi
2024,5.82,Kota Bukittinggi
2018,13.96,Kota Cilegon
2019,13.2,Kota Cilegon
2020,16.31,Kota Cilegon
2021,18.89,Kota Cilegon
2022,16.46,Kota Cilegon
2023,18.2,Kota Cilegon
2024,17.31,Kota Cilegon
2018,29.94,Kota Cimahi
2019,26.91,Kota Cimahi
2020,31.64,Kota Cimahi
2021,32.48,Kota Cimahi
2022,31.16,Kota Cimahi
2023,28.56,Kota Cimahi
2024,27.0,Kota Cimahi
2018,28.03,Kota Cirebon
2019,26.8,Kota Cirebon
2020,30.61,Kota Cirebon
2021,31.98,Kota Cirebon
2022,31.47,Kota Cirebon
2023,29.49,Kota Cirebon
2024,29.17,Kota Cirebon
2018,20.72,Kota Denpasar
2019,19.83,Kota Denpasar
2020,20.48,Kota Denpasar
2021,29.41,Kota Denpasar
2022,30.02,Kota Denpasar
2023,27.69,Kota Denpasar
2024,27.27,Kota Denpasar
2018,49.39,Kota Depok
2019,49.35,Kota Depok
2020,60.43,Kota Depok
2021,63.86,Kota Depok
2022,64.36,Kota Depok
2023,61.95,Kota Depok
2024,62.6,Kota Depok
2018,11.19,Kota Dumai
2019,10.95,Kota Dumai
2020,9.88,Kota Dumai
2021,10.57,Kota Dumai
2022,10.0,Kota Dumai
2023,10.15,Kota Dumai
2024,10.02,Kota Dumai
2018,11.91,Kota Gorontalo
2019,11.91,Kota Gorontalo
2020,12.46,Kota Gorontalo
2021,12.94,Kota Gorontalo
2022,12.67,Kota Gorontalo
2023,12.62,Kota Gorontalo
2024,12.97,Kota Gorontalo
2018,25.91,Kota Gunungsitoli
2019,23.06,Kota Gunungsitoli
2020,23.54,Kota Gunungsitoli
2021,24.02,Kota Gunungsitoli
2022,21.85,Kota Gunungsitoli
2023,22.03,Kota Gunungsitoli
2024,22.16,Kota Gunungsitoli
2018,86.42,Kota Jakarta Barat
2019,84.02,Kota Jakarta Barat
2020,110.9,Kota Jakarta Barat
2021,113.37,Kota Jakarta Barat
2022,112.18,Kota Jakarta Barat
2023,109.49,Kota Jakarta Barat
2024,106.48,Kota Jakarta Barat
2018,33.19,Kota Jakarta Pusat
2019,34.13,Kota Jakarta Pusat
2020,41.92,Kota Jakarta Pusat
2021,45.1,Kota Jakarta Pusat
2022,44.72,Kota Jakarta Pusat
2023,42.78,Kota Jakarta Pusat
2024,42.33,Kota Jakarta Pusat
2018,63.38,Kota Jakarta Selatan
2019,61.76,Kota Jakarta Selatan
2020,78.09,Kota Jakarta Selatan
2021,81.5,Kota Jakarta Selatan
2022,81.11,Kota Jakarta Selatan
2023,71.9,Kota Jakarta Selatan
2024,70.6,Kota Jakarta Selatan
2018,91.38,Kota Jakarta Timur
2019,91.61,Kota Jakarta Timur
2020,122.73,Kota Jakarta Timur
2021,125.37,Kota Jakarta Timur
2022,126.63,Kota Jakarta Timur
2023,124.22,Kota Jakarta Timur
2024,121.52,Kota Jakarta Timur
2018,95.86,Kota Jakarta Utara
2019,91.09,Kota Jakarta Utara
2020,123.59,Kota Jakarta Utara
2021,132.73,Kota Jakarta Utara
2022,133.73,Kota Jakarta Utara
2023,125.98,Kota Jakarta Utara
2024,120.51,Kota Jakarta Utara
2018,50.61,Kota Jambi
2019,48.95,Kota Jambi
2020,50.44,Kota Jambi
2021,54.23,Kota Jambi
2022,50.4,Kota Jambi
2023,50.09,Kota Jambi
2024,47.25,Kota Jambi
2018,33.74,Kota Jayapura
2019,34.42,Kota Jayapura
2020,33.8,Kota Jayapura
2021,34.79,Kota Jayapura
2022,34.36,Kota Jayapura
2023,32.79,Kota Jayapura
2024,33.84,Kota Jayapura
2018,21.9,Kota Kediri
2019,20.54,Kota Kediri
2020,22.19,Kota Kediri
2021,22.55,Kota Kediri
2022,21.15,Kota Kediri
2023,21.03,Kota Kediri
2024,19.24,Kota Kediri
2018,17.76,Kota Kendari
2019,17.3,Kota Kendari
2020,17.46,Kota Kendari
2021,19.46,Kota Kendari
2022,18.72,Kota Kendari
2023,19.24,Kota Kendari
2024,18.2,Kota Kendari
2018,7.49,Kota Kotamobagu
2019,7.31,Kota Kotamobagu
2020,7.06,Kota Kotamobagu
2021,7.56,Kota Kotamobagu
2022,6.94,Kota Kotamobagu
2023,6.82,Kota Kotamobagu
2024,7.05,Kota Kotamobagu
2018,40.44,Kota Kupang
2019,39.86,Kota Kupang
2020,39.72,Kota Kupang
2021,41.77,Kota Kupang
2022,40.2,Kota Kupang
2023,41.2,Kota Kupang
2024,40.38,Kota Kupang
2018,18.73,Kota Langsa
2019,18.62,Kota Langsa
2020,18.65,Kota Langsa
2021,19.78,Kota Langsa
2022,19.41,Kota Langsa
2023,19.5,Kota Langsa
2024,19.37,Kota Langsa
2018,23.88,Kota Lhokseumawe
2019,23.05,Kota Lhokseumawe
2020,22.69,Kota Lhokseumawe
2021,23.38,Kota Lhokseumawe
2022,23.03,Kota Lhokseumawe
2023,23.1,Kota Lhokseumawe
2024,22.77,Kota Lhokseumawe
2018,29.74,Kota Lubuklinggau
2019,29.98,Kota Lubuklinggau
2020,29.8,Kota Lubuklinggau
2021,31.61,Kota Lubuklinggau
2022,30.68,Kota Lubuklinggau
2023,31.02,Kota Lubuklinggau
2024,27.65,Kota Lubuklinggau
2018,7.92,Kota Madiun
2019,7.69,Kota Madiun
2020,8.83,Kota Madiun
2021,9.06,Kota Madiun
2022,8.49,Kota Madiun
2023,8.46,Kota Madiun
2024,7.84,Kota Madiun
2018,9.59,Kota Magelang
2019,9.1,Kota Magelang
2020,9.27,Kota Magelang
2021,9.44,Kota Magelang
2022,8.65,Kota Magelang
2023,7.45,Kota Magelang
2024,7.25,Kota Magelang
2018,66.22,Kota Makassar
2019,65.12,Kota Makassar
2020,69.98,Kota Makassar
2021,74.69,Kota Makassar
2022,71.83,Kota Makassar
2023,80.32,Kota Makassar
2024,79.53,Kota Makassar
2018,35.49,Kota Malang
2019,35.39,Kota Malang
2020,38.77,Kota Malang
2021,40.62,Kota Malang
2022,38.56,Kota Malang
2023,37.78,Kota Malang
2024,34.84,Kota Malang
2018,23.21,Kota Manado
2019,23.89,Kota Manado
2020,25.55,Kota Manado
2021,26.78,Kota Manado
2022,25.38,Kota Manado
2023,25.17,Kota Manado
2024,23.59,Kota Manado
2018,42.6,Kota Mataram
2019,43.19,Kota Mataram
2020,41.8,Kota Mataram
2021,44.45,Kota Mataram
2022,45.3,Kota Mataram
2023,46.21,Kota Mataram
2024,43.74,Kota Mataram
2018,186.45,Kota Medan
2019,183.79,Kota Medan
2020,183.54,Kota Medan
2021,193.03,Kota Medan
2022,187.74,Kota Medan
2023,187.28,Kota Medan
2024,187.04,Kota Medan
2018,15.06,Kota Metro
2019,14.49,Kota Metro
2020,14.31,Kota Metro
2021,15.32,Kota Metro
2022,13.68,Kota Metro
2023,12.8,Kota Metro
2024,12.07,Kota Metro
2018,7.04,Kota Mojokerto
2019,6.63,Kota Mojokerto
2020,8.09,Kota Mojokerto
2021,8.37,Kota Mojokerto
2022,7.88,Kota Mojokerto
2023,7.65,Kota Mojokerto
2024,7.43,Kota Mojokerto
2018,44.04,Kota Padang
2019,42.44,Kota Padang
2020,42.17,Kota Padang
2021,48.44,Kota Padang
2022,42.37,Kota Padang
2023,41.97,Kota Padang
2024,41.4,Kota Padang
2018,3.11,Kota Padang Panjang
2019,3.0,Kota Padang Panjang
2020,2.84,Kota Padang Panjang
2021,3.28,Kota Padang Panjang
2022,2.89,Kota Padang Panjang
2023,2.99,Kota Padang Panjang
2024,3.06,Kota Padang Panjang
2018,16.79,Kota Padangsidimpuan
2019,16.06,Kota Padangsidimpuan
2020,16.56,Kota Padangsidimpuan
2021,17.28,Kota Padangsidimpuan
2022,16.03,Kota Padangsidimpuan
2023,16.15,Kota Padangsidimpuan
2024,14.88,Kota Padangsidimpuan
2018,12.07,Kota Pagar Alam
2019,12.37,Kota Pagar Alam
2020,12.71,Kota Pagar Alam
2021,13.27,Kota Pagar Alam
2022,12.05,Kota Pagar Alam
2023,12.73,Kota Pagar Alam
2024,11.82,Kota Pagar Alam
2018,9.78,Kota Palangka Raya
2019,9.69,Kota Palangka Raya
2020,10.23,Kota Palangka Raya
2021,10.86,Kota Palangka Raya
2022,10.62,Kota Palangka Raya
2023,10.31,Kota Palangka Raya
2024,10.7,Kota Palangka Raya
2018,179.32,Kota Palembang
2019,180.67,Kota Palembang
2020,182.61,Kota Palembang
2021,194.12,Kota Palembang
2022,181.65,Kota Palembang
2023,179.45,Kota Palembang
2024,173.59,Kota Palembang
2018,14.27,Kota Palopo
2019,14.37,Kota Palopo
2020,14.71,Kota Palopo
2021,15.21,Kota Palopo
2022,14.78,Kota Palopo
2023,14.85,Kota Palopo
2024,14.43,Kota Palopo
2018,25.26,Kota Palu
2019,26.62,Kota Palu
2020,26.89,Kota Palu
2021,28.6,Kota Palu
2022,26.75,Kota Palu
2023,26.83,Kota Palu
2024,24.57,Kota Palu
2018,10.27,Kota Pangkal Pinang
2019,9.0,Kota Pangkal Pinang
2020,9.4,Kota Pangkal Pinang
2021,10.1,Kota Pangkal Pinang
2022,9.76,Kota Pangkal Pinang
2023,9.27,Kota Pangkal Pinang
2024,8.87,Kota Pangkal Pinang
2018,8.01,Kota Parepare
2019,7.62,Kota Parepare
2020,7.96,Kota Parepare
2021,7.93,Kota Parepare
2022,8.01,Kota Parepare
2023,7.98,Kota Parepare
2024,7.94,Kota Parepare
2018,4.4,Kota Pariaman
2019,4.2,Kota Pariaman
2020,3.66,Kota Pariaman
2021,3.99,Kota Pariaman
2022,3.8,Kota Pariaman
2023,3.91,Kota Pariaman
2024,4.01,Kota Pariaman
2018,13.45,Kota Pasuruan
2019,12.92,Kota Pasuruan
2020,13.4,Kota Pasuruan
2021,13.97,Kota Pasuruan
2022,13.02,Kota Pasuruan
2023,13.56,Kota Pasuruan
2024,13.07,Kota Pasuruan
2018,7.69,Kota Payakumbuh
2019,7.68,Kota Payakumbuh
2020,7.74,Kota Payakumbuh
2021,8.66,Kota Payakumbuh
2022,8.08,Kota Payakumbuh
2023,7.88,Kota Payakumbuh
2024,7.62,Kota Payakumbuh
2018,20.52,Kota Pekalongan
2019,20.21,Kota Pekalongan
2020,22.16,Kota Pekalongan
2021,23.49,Kota Pekalongan
2022,21.81,Kota Pekalongan
2023,21.36,Kota Pekalongan
2024,21.16,Kota Pekalongan
2018,31.62,Kota Pekanbaru
2019,28.6,Kota Pekanbaru
2020,30.4,Kota Pekanbaru
2021,32.73,Kota Pekanbaru
2022,35.96,Kota Pekanbaru
2023,37.67,Kota Pekanbaru
2024,38.17,Kota Pekanbaru
2018,22.01,Kota Pematang Siantar
2019,21.99,Kota Pematang Siantar
2020,21.23,Kota Pematang Siantar
2021,22.06,Kota Pematang Siantar
2022,20.53,Kota Pematang Siantar
2023,18.96,Kota Pematang Siantar
2024,18.97,Kota Pematang Siantar
2018,31.76,Kota Pontianak
2019,31.46,Kota Pontianak
2020,30.7,Kota Pontianak
2021,30.11,Kota Pontianak
2022,29.61,Kota Pontianak
2023,29.92,Kota Pontianak
2024,28.56,Kota Pontianak
2018,20.95,Kota Prabumulih
2019,21.62,Kota Prabumulih
2020,21.83,Kota Prabumulih
2021,23.6,Kota Prabumulih
2022,22.12,Kota Prabumulih
2023,22.33,Kota Prabumulih
2024,20.41,Kota Prabumulih
2018,16.9,Kota Probolinggo
2019,16.37,Kota Probolinggo
2020,17.72,Kota Probolinggo
2021,17.91,Kota Probolinggo
2022,16.16,Kota Probolinggo
2023,15.86,Kota Probolinggo
2024,15.24,Kota Probolinggo
2018,5.62,Kota Sabang
2019,5.43,Kota Sabang
2020,5.27,Kota Sabang
2021,5.33,Kota Sabang
2022,5.14,Kota Sabang
2023,5.14,Kota Sabang
2024,5.17,Kota Sabang
2018,9.24,Kota Salatiga
2019,9.21,Kota Salatiga
2020,9.69,Kota Salatiga
2021,10.14,Kota Salatiga
2022,9.45,Kota Salatiga
2023,9.41,Kota Salatiga
2024,9.33,Kota Salatiga
2018,39.23,Kota Samarinda
2019,39.8,Kota Samarinda
2020,41.92,Kota Samarinda
2021,42.84,Kota Samarinda
2022,41.95,Kota Samarinda
2023,41.89,Kota Samarinda
2024,37.8,Kota Samarinda
2018,1.48,Kota Sawah Lunto
2019,1.35,Kota Sawah Lunto
2020,1.36,Kota Sawah Lunto
2021,1.52,Kota Sawah Lunto
2022,1.47,Kota Sawah Lunto
2023,1.47,Kota Sawah Lunto
2024,1.52,Kota Sawah Lunto
2018,73.65,Kota Semarang
2019,71.97,Kota Semarang
2020,79.58,Kota Semarang
2021,84.45,Kota Semarang
2022,79.87,Kota Semarang
2023,80.53,Kota Semarang
2024,77.79,Kota Semarang
2018,36.21,Kota Serang
2019,36.21,Kota Serang
2020,42.24,Kota Serang
2021,47.91,Kota Serang
2022,42.56,Kota Serang
2023,44.99,Kota Serang
2024,41.62,Kota Serang
2018,10.81,Kota Sibolga
2019,10.82,Kota Sibolga
2020,10.49,Kota Sibolga
2021,10.8,Kota Sibolga
2022,10.05,Kota Sibolga
2023,10.02,Kota Sibolga
2024,9.99,Kota Sibolga
2018,11.17,Kota Singkawang
2019,10.9,Kota Singkawang
2020,10.23,Kota Singkawang
2021,11.03,Kota Singkawang
2022,10.82,Kota Singkawang
2023,11.06,Kota Singkawang
2024,10.82,Kota Singkawang
2018,2.29,Kota Solok
2019,2.29,Kota Solok
2020,1.99,Kota Solok
2021,2.31,Kota Solok
2022,2.28,Kota Solok
2023,2.35,Kota Solok
2024,2.4,Kota Solok
2018,38.88,Kota Sorong
2019,39.02,Kota Sorong
2020,38.91,Kota Sorong
2021,41.75,Kota Sorong
2022,41.93,Kota Sorong
2023,41.61,Kota Sorong
2024,40.68,Kota Sorong
2018,14.78,Kota Subulussalam
2019,14.56,Kota Subulussalam
2020,14.46,Kota Subulussalam
2021,14.46,Kota Subulussalam
2022,14.06,Kota Subulussalam
2023,13.8,Kota Subulussalam
2024,13.95,Kota Subulussalam
2018,23.2,Kota Sukabumi
2019,21.87,Kota Sukabumi
2020,25.42,Kota Sukabumi
2021,27.19,Kota Sukabumi
2022,26.59,Kota Sukabumi
2023,24.96,Kota Sukabumi
2024,24.1,Kota Sukabumi
2018,2.48,Kota Sungai Penuh
2019,2.55,Kota Sungai Penuh
2020,2.78,Kota Sungai Penuh
2021,3.03,Kota Sungai Penuh
2022,2.64,Kota Sungai Penuh
2023,2.66,Kota Sungai Penuh
2024,2.6,Kota Sungai Penuh
2018,140.81,Kota Surabaya
2019,130.55,Kota Surabaya
2020,145.67,Kota Surabaya
2021,152.49,Kota Surabaya
2022,138.21,Kota Surabaya
2023,136.37,Kota Surabaya
2024,116.62,Kota Surabaya
2018,46.99,Kota Surakarta
2019,45.18,Kota Surakarta
2020,47.03,Kota Surakarta
2021,48.79,Kota Surakarta
2022,45.94,Kota Surakarta
2023,43.89,Kota Surakarta
2024,43.28,Kota Surakarta
2018,103.49,Kota Tangerang
2019,98.37,Kota Tangerang
2020,118.22,Kota Tangerang
2021,134.24,Kota Tangerang
2022,132.88,Kota Tangerang
2023,137.7,Kota Tangerang
2024,128.91,Kota Tangerang
2018,28.21,Kota Tangerang Selatan
2019,29.16,Kota Tangerang Selatan
2020,40.99,Kota Tangerang Selatan
2021,44.57,Kota Tangerang Selatan
2022,44.29,Kota Tangerang Selatan
2023,46.31,Kota Tangerang Selatan
2024,43.33,Kota Tangerang Selatan
2018,25.3,Kota Tanjung Balai
2019,24.54,Kota Tanjung Balai
2020,23.54,Kota Tanjung Balai
2021,24.1,Kota Tanjung Balai
2022,22.65,Kota Tanjung Balai
2023,22.45,Kota Tanjung Balai
2024,22.25,Kota Tanjung Balai
2018,19.3,Kota Tanjung Pinang
2019,19.05,Kota Tanjung Pinang
2020,19.98,Kota Tanjung Pinang
2021,20.85,Kota Tanjung Pinang
2022,21.67,Kota Tanjung Pinang
2023,17.67,Kota Tanjung Pinang
2024,15.39,Kota Tanjung Pinang
2018,15.97,Kota Tarakan
2019,16.11,Kota Tarakan
2020,17.33,Kota Tarakan
2021,17.57,Kota Tarakan
2022,16.75,Kota Tarakan
2023,16.49,Kota Tarakan
2024,15.32,Kota Tarakan
2018,84.22,Kota Tasikmalaya
2019,76.98,Kota Tasikmalaya
2020,86.13,Kota Tasikmalaya
2021,89.46,Kota Tasikmalaya
2022,87.13,Kota Tasikmalaya
2023,79.37,Kota Tasikmalaya
2024,76.71,Kota Tasikmalaya
2018,16.64,Kota Tebing Tinggi
2019,16.3,Kota Tebing Tinggi
2020,16.32,Kota Tebing Tinggi
2021,17.37,Kota Tebing Tinggi
2022,16.34,Kota Tebing Tinggi
2023,16.36,Kota Tebing Tinggi
2024,15.31,Kota Tebing Tinggi
2018,19.44,Kota Tegal
2019,18.64,Kota Tegal
2020,19.55,Kota Tegal
2021,20.27,Kota Tegal
2022,19.78,Kota Tegal
2023,19.22,Kota Tegal
2024,19.17,Kota Tegal
2018,6.76,Kota Ternate
2019,7.25,Kota Ternate
2020,8.18,Kota Ternate
2021,8.45,Kota Ternate
2022,7.54,Kota Ternate
2023,8.36,Kota Ternate
2024,7.88,Kota Ternate
2018,5.95,Kota Tidore Kepulauan
2019,6.17,Kota Tidore Kepulauan
2020,6.66,Kota Tidore Kepulauan
2021,6.64,Kota Tidore Kepulauan
2022,6.08,Kota Tidore Kepulauan
2023,6.48,Kota Tidore Kepulauan
2024,6.72,Kota Tidore Kepulauan
2018,6.25,Kota Tomohon
2019,5.99,Kota Tomohon
2020,6.06,Kota Tomohon
2021,6.18,Kota Tomohon
2022,5.79,Kota Tomohon
2023,6.24,Kota Tomohon
2024,6.07,Kota Tomohon
2018,17.13,Kota Tual
2019,17.03,Kota Tual
2020,17.36,Kota Tual
2021,17.76,Kota Tual
2022,16.01,Kota Tual
2023,16.41,Kota Tual
2024,16.17,Kota Tual
2018,29.75,Kota Yogyakarta
2019,29.45,Kota Yogyakarta
2020,31.62,Kota Yogyakarta
2021,34.07,Kota Yogyakarta
2022,29.68,Kota Yogyakarta
2023,29.48,Kota Yogyakarta
2024,28.79,Kota Yogyakarta
2018,12.9,Kotawaringin Barat
2019,12.76,Kotawaringin Barat
2020,11.46,Kotawaringin Barat
2021,12.29,Kotawaringin Barat
2022,12.44,Kotawaringin Barat
2023,13.44,Kotawaringin Barat
2024,13.43,Kotawaringin Barat
2018,28.2,Kotawaringin Timur
2019,27.38,Kotawaringin Timur
2020,26.64,Kotawaringin Timur
2021,27.06,Kotawaringin Timur
2022,27.56,Kotawaringin Timur
2023,26.57,Kotawaringin Timur
2024,26.69,Kotawaringin Timur
2018,32.1,Kuantan Singingi
2019,31.22,Kuantan Singingi
2020,29.34,Kuantan Singingi
2021,28.9,Kuantan Singingi
2022,26.61,Kuantan Singingi
2023,26.1,Kuantan Singingi
2024,25.56,Kuantan Singingi
2018,28.86,Kubu Raya
2019,27.37,Kubu Raya
2020,25.9,Kubu Raya
2021,25.47,Kubu Raya
2022,24.39,Kubu Raya
2023,25.33,Kubu Raya
2024,24.72,Kubu Raya
2018,59.99,Kudus
2019,58.0,Kudus
2020,64.24,Kudus
2021,67.06,Kudus
2022,66.06,Kudus
2023,65.16,Kudus
2024,65.69,Kudus
2018,77.72,Kulon Progo
2019,74.62,Kulon Progo
2020,78.06,Kulon Progo
2021,81.14,Kulon Progo
2022,73.21,Kulon Progo
2023,70.74,Kulon Progo
2024,71.48,Kulon Progo
2018,131.16,Kuningan
2019,123.16,Kuningan
2020,139.2,Kuningan
2021,143.35,Kuningan
2022,140.25,Kuningan
2023,133.88,Kuningan
2024,131.83,Kuningan
2018,88.67,Kupang
2019,92.02,Kupang
2020,94.94,Kupang
2021,91.25,Kupang
2022,88.02,Kupang
2023,90.23,Kupang
2024,90.34,Kupang
2018,13.49,Kutai Barat
2019,13.45,Kutai Barat
2020,13.78,Kutai Barat
2021,15.38,Kutai Barat
2022,15.38,Kutai Barat
2023,14.69,Kutai Barat
2024,14.49,Kutai Barat
2018,56.56,Kutai Kartanegara
2019,56.34,Kutai Kartanegara
2020,58.42,Kutai Kartanegara
2021,62.36,Kutai Kartanegara
2022,62.87,Kutai Kartanegara
2023,60.86,Kutai Kartanegara
2024,59.0,Kutai Kartanegara
2018,33.02,Kutai Timur
2019,35.31,Kutai Timur
2020,36.98,Kutai Timur
2021,37.78,Kutai Timur
2022,36.84,Kutai Timur
2023,37.04,Kutai Timur
2024,37.11,Kutai Timur
2018,41.7,Labuhan Batu
2019,41.52,Labuhan Batu
2020,42.17,Labuhan Batu
2021,45.03,Labuhan Batu
2022,43.27,Labuhan Batu
2023,42.58,Labuhan Batu
2024,42.45,Labuhan Batu
2018,33.14,Labuhan Batu Selatan
2019,30.17,Labuhan Batu Selatan
2020,28.63,Labuhan Batu Selatan
2021,30.36,Labuhan Batu Selatan
2022,29.38,Labuhan Batu Selatan
2023,29.83,Labuhan Batu Selatan
2024,29.19,Labuhan Batu Selatan
2018,36.45,Labuhan Batu Utara
2019,34.76,Labuhan Batu Utara
2020,34.86,Labuhan Batu Utara
2021,37.13,Labuhan Batu Utara
2022,33.91,Labuhan Batu Utara
2023,34.13,Labuhan Batu Utara
2024,34.0,Labuhan Batu Utara
2018,65.31,Lahat
2019,65.03,Lahat
2020,65.75,Lahat
2021,68.4,Lahat
2022,65.39,Lahat
2023,63.36,Lahat
2024,60.19,Lahat
2018,2.52,Lamandau
2019,2.47,Lamandau
2020,2.61,Lamandau
2021,2.92,Lamandau
2022,2.78,Lamandau
2023,2.63,Lamandau
2024,2.79,Lamandau
2018,164.0,Lamongan
2019,157.11,Lamongan
2020,164.68,Lamongan
2021,166.82,Lamongan
2022,151.08,Lamongan
2023,149.94,Lamongan
2024,146.98,Lamongan
2018,40.62,Lampung Barat
2019,39.05,Lampung Barat
2020,38.12,Lampung Barat
2021,39.36,Lampung Barat
2022,36.2,Lampung Barat
2023,34.73,Lampung Barat
2024,33.43,Lampung Barat
2018,148.54,Lampung Selatan
2019,144.44,Lampung Selatan
2020,143.33,Lampung Selatan
2021,145.85,Lampung Selatan
2022,136.21,Lampung Selatan
2023,133.67,Lampung Selatan
2024,132.38,Lampung Selatan
2018,160.12,Lampung Tengah
2019,153.84,Lampung Tengah
2020,152.28,Lampung Tengah
2021,155.77,Lampung Tengah
2022,143.34,Lampung Tengah
2023,140.29,Lampung Tengah
2024,137.41,Lampung Tengah
2018,162.94,Lampung Timur
2019,158.9,Lampung Timur
2020,153.57,Lampung Timur
2021,159.79,Lampung Timur
2022,149.12,Lampung Timur
2023,148.26,Lampung Timur
2024,142.7,Lampung Timur
2018,128.02,Lampung Utara
2019,122.65,Lampung Utara
2020,119.35,Lampung Utara
2021,121.91,Lampung Utara
2022,114.67,Lampung Utara
2023,107.21,Lampung Utara
2024,105.91,Lampung Utara
2018,43.73,Landak
2019,43.16,Landak
2020,42.36,Landak
2021,42.01,Landak
2022,38.65,Landak
2023,38.92,Landak
2024,35.38,Landak
2018,105.46,Langkat
2019,103.08,Langkat
2020,101.87,Langkat
2021,106.59,Langkat
2022,100.45,Langkat
2023,98.16,Langkat
2024,96.54,Langkat
2018,71.08,Lanny Jaya
2019,70.6,Lanny Jaya
2020,68.62,Lanny Jaya
2021,76.75,Lanny Jaya
2022,76.46,Lanny Jaya
2023,76.43,Lanny Jaya
2024,72.1,Lanny Jaya
2018,108.82,Lebak
2019,107.93,Lebak
2020,120.83,Lebak
2021,134.75,Lebak
2022,117.22,Lebak
2023,114.54,Lebak
2024,111.71,Lebak
2018,13.25,Lebong
2019,13.67,Lebong
2020,13.97,Lebong
2021,13.97,Lebong
2022,14.14,Lebong
2023,13.23,Lebong
2024,12.51,Lebong
2018,36.95,Lembata
2019,37.46,Lembata
2020,37.92,Lembata
2021,38.75,Lembata
2022,37.88,Lembata
2023,37.94,Lembata
2024,37.72,Lembata
2018,26.47,Lima Puluh Kota
2019,26.64,Lima Puluh Kota
2020,26.43,Lima Puluh Kota
2021,28.51,Lima Puluh Kota
2022,26.0,Lima Puluh Kota
2023,27.02,Lima Puluh Kota
2024,27.72,Lima Puluh Kota
2018,12.13,Lingga
2019,11.56,Lingga
2020,12.45,Lingga
2021,12.58,Lingga
2022,12.7,Lingga
2023,10.18,Lingga
2024,9.02,Lingga
2018,103.77,Lombok Barat
2019,105.04,Lombok Barat
2020,100.25,Lombok Barat
2021,105.24,Lombok Barat
2022,99.01,Lombok Barat
2023,102.71,Lombok Barat
2024,96.57,Lombok Barat
2018,130.0,Lombok Tengah
2019,128.82,Lombok Tengah
2020,128.1,Lombok Tengah
2021,131.94,Lombok Tengah
2022,128.0,Lombok Tengah
2023,129.74,Lombok Tengah
2024,122.32,Lombok Tengah
2018,196.87,Lombok Timur
2019,193.56,Lombok Timur
2020,183.84,Lombok Timur
2021,190.84,Lombok Timur
2022,189.64,Lombok Timur
2023,197.63,Lombok Timur
2024,185.03,Lombok Timur
2018,62.86,Lombok Utara
2019,63.84,Lombok Utara
2020,59.86,Lombok Utara
2021,61.7,Lombok Utara
2022,59.82,Lombok Utara
2023,60.13,Lombok Utara
2024,56.43,Lombok Utara
2018,103.69,Lumajang
2019,98.88,Lumajang
2020,102.6,Lumajang
2021,105.25,Lumajang
2022,95.04,Lumajang
2023,93.82,Lumajang
2024,91.05,Lumajang
2018,47.91,Luwu
2019,46.18,Luwu
2020,46.04,Luwu
2021,46.26,Luwu
2022,46.5,Luwu
2023,47.67,Luwu
2024,44.24,Luwu
2018,21.15,Luwu Timur
2019,20.83,Luwu Timur
2020,20.82,Luwu Timur
2021,20.99,Luwu Timur
2022,20.89,Luwu Timur
2023,21.57,Luwu Timur
2024,20.7,Luwu Timur
2018,42.43,Luwu Utara
2019,42.48,Luwu Utara
2020,42.2,Luwu Utara
2021,43.15,Luwu Utara
2022,42.29,Luwu Utara
2023,40.79,Luwu Utara
2024,36.46,Luwu Utara
2018,77.75,Madiun
2019,71.91,Madiun
2020,78.3,Madiun
2021,81.61,Madiun
2022,74.07,Madiun
2023,75.87,Madiun
2024,73.15,Madiun
2018,143.44,Magelang
2019,137.45,Magelang
2020,146.34,Magelang
2021,154.91,Magelang
2022,145.33,Magelang
2023,144.49,Magelang
2024,143.8,Magelang
2018,64.86,Magetan
2019,60.43,Magetan
2020,65.09,Magetan
2021,67.75,Magetan
2022,62.65,Magetan
2023,62.49,Magetan
2024,59.51,Magetan
2018,3.25,Mahakam Hulu
2019,3.19,Mahakam Hulu
2020,3.26,Mahakam Hulu
2021,3.18,Mahakam Hulu
2022,3.1,Mahakam Hulu
2023,3.06,Mahakam Hulu
2024,2.9,Mahakam Hulu
2018,129.29,Majalengka
2019,121.06,Majalengka
2020,138.21,Majalengka
2021,151.14,Majalengka
2022,147.12,Majalengka
2023,138.74,Majalengka
2024,134.58,Majalengka
2018,23.53,Majene
2019,23.76,Majene
2020,24.12,Majene
2021,25.01,Majene
2022,26.62,Majene
2023,25.8,Majene
2024,24.41,Majene
2018,30.79,Malaka
2019,30.83,Malaka
2020,31.12,Malaka
2021,32.17,Malaka
2022,30.48,Malaka
2023,29.19,Malaka
2024,28.54,Malaka
2018,268.49,Malang
2019,246.6,Malang
2020,265.56,Malang
2021,276.58,Malang
2022,252.88,Malang
2023,251.36,Malang
2024,240.14,Malang
2018,6.63,Malinau
2019,6.23,Malinau
2020,6.16,Malinau
2021,6.39,Malinau
2022,5.93,Malinau
2023,5.95,Malinau
2024,6.45,Malinau
2018,21.98,Maluku Barat Daya
2019,21.49,Maluku Barat Daya
2020,21.37,Maluku Barat Daya
2021,21.74,Maluku Barat Daya
2022,20.36,Maluku Barat Daya
2023,21.23,Maluku Barat Daya
2024,20.63,Maluku Barat Daya
2018,74.85,Maluku Tengah
2019,74.8,Maluku Tengah
2020,74.18,Maluku Tengah
2021,74.59,Maluku Tengah
2022,65.73,Maluku Tengah
2023,67.22,Maluku Tengah
2024,66.65,Maluku Tengah
2018,23.16,Maluku Tenggara
2019,22.69,Maluku Tenggara
2020,22.59,Maluku Tenggara
2021,22.89,Maluku Tenggara
2022,21.38,Maluku Tenggara
2023,22.02,Maluku Tenggara
2024,21.47,Maluku Tenggara
2018,31.53,Maluku Tenggara Barat
2019,30.76,Maluku Tenggara Barat
2020,30.74,Maluku Tenggara Barat
2021,30.7,Maluku Tenggara Barat
2022,26.94,Maluku Tenggara Barat
2023,27.64,Maluku Tenggara Barat
2024,26.76,Maluku Tenggara Barat
2018,21.22,Mamasa
2019,21.64,Mamasa
2020,21.86,Mamasa
2021,22.29,Mamasa
2022,23.7,Mamasa
2023,23.58,Mamasa
2024,23.61,Mamasa
2018,6.94,Mamberamo Raya
2019,6.96,Mamberamo Raya
2020,6.98,Mamberamo Raya
2021,7.04,Mamberamo Raya
2022,7.68,Mamberamo Raya
2023,7.56,Mamberamo Raya
2024,7.89,Mamberamo Raya
2018,17.75,Mamberamo Tengah
2019,17.79,Mamberamo Tengah
2020,17.72,Mamberamo Tengah
2021,19.66,Mamberamo Tengah
2022,19.66,Mamberamo Tengah
2023,19.83,Mamberamo Tengah
2024,20.2,Mamberamo Tengah
2018,20.42,Mamuju
2019,20.57,Mamuju
2020,20.65,Mamuju
2021,22.3,Mamuju
2022,23.26,Mamuju
2023,23.5,Mamuju
2024,22.64,Mamuju
2018,9.28,Mamuju Tengah
2019,9.16,Mamuju Tengah
2020,9.25,Mamuju Tengah
2021,9.74,Mamuju Tengah
2022,9.98,Mamuju Tengah
2023,10.39,Mamuju Tengah
2024,11.16,Mamuju Tengah
2018,7.65,Mamuju Utara
2019,7.42,Mamuju Utara
2020,7.95,Mamuju Utara
2021,8.53,Mamuju Utara
2022,9.3,Mamuju Utara
2023,8.94,Mamuju Utara
2024,9.95,Mamuju Utara
2018,42.39,Mandailing Natal
2019,40.64,Mandailing Natal
2020,41.31,Mandailing Natal
2021,43.24,Mandailing Natal
2022,40.98,Mandailing Natal
2023,41.04,Mandailing Natal
2024,40.56,Mandailing Natal
2018,69.32,Manggarai
2019,69.33,Manggarai
2020,69.52,Manggarai
2021,71.03,Manggarai
2022,69.68,Manggarai
2023,70.0,Manggarai
2024,68.39,Manggarai
2018,48.53,Manggarai Barat
2019,49.23,Manggarai Barat
2020,49.4,Manggarai Barat
2021,51.15,Manggarai Barat
2022,49.95,Manggarai Barat
2023,49.95,Manggarai Barat
2024,50.68,Manggarai Barat
2018,74.88,Manggarai Timur
2019,75.83,Manggarai Timur
2020,76.69,Manggarai Timur
2021,77.17,Manggarai Timur
2022,74.55,Manggarai Timur
2023,74.4,Manggarai Timur
2024,74.59,Manggarai Timur
2018,37.73,Manokwari
2019,36.67,Manokwari
2020,35.92,Manokwari
2021,35.63,Manokwari
2022,34.96,Manokwari
2023,33.35,Manokwari
2024,33.29,Manokwari
2018,7.24,Manokwari Selatan
2019,7.21,Manokwari Selatan
2020,7.09,Manokwari Selatan
2021,7.65,Manokwari Selatan
2022,7.68,Manokwari Selatan
2023,7.69,Manokwari Selatan
2024,7.64,Manokwari Selatan
2018,25.21,Mappi
2019,26.1,Mappi
2020,26.91,Mappi
2021,26.36,Mappi
2022,26.76,Mappi
2023,26.82,Mappi
2024,27.18,Mappi
2018,35.97,Maros
2019,34.85,Maros
2020,34.62,Maros
2021,34.11,Maros
2022,33.9,Maros
2023,34.96,Maros
2024,34.0,Maros
2018,13.12,Maybrat
2019,13.11,Maybrat
2020,12.8,Maybrat
2021,13.48,Maybrat
2022,13.66,Maybrat
2023,13.57,Maybrat
2024,13.35,Maybrat
2018,26.24,Melawi
2019,25.71,Melawi
2020,25.34,Melawi
2021,25.47,Melawi
2022,24.57,Melawi
2023,24.18,Melawi
2024,23.36,Melawi
2018,33.95,Merangin
2019,32.88,Merangin
2020,33.92,Merangin
2021,35.44,Merangin
2022,34.14,Merangin
2023,35.19,Merangin
2024,33.49,Merangin
2018,23.72,Merauke
2019,23.49,Merauke
2020,22.89,Merauke
2021,23.83,Merauke
2022,23.96,Merauke
2023,24.03,Merauke
2024,24.72,Merauke
2018,15.01,Mesuji
2019,14.94,Mesuji
2020,14.72,Mesuji
2021,15.24,Mesuji
2022,13.88,Mesuji
2023,13.71,Mesuji
2024,12.91,Mesuji
2018,31.18,Mimika
2019,31.79,Mimika
2020,31.75,Mimika
2021,30.95,Mimika
2022,31.58,Mimika
2023,30.31,Mimika
2024,32.09,Mimika
2018,24.49,Minahasa
2019,24.32,Minahasa
2020,24.95,Minahasa
2021,26.3,Minahasa
2022,24.34,Minahasa
2023,23.86,Minahasa
2024,22.78,Minahasa
2018,19.54,Minahasa Selatan
2019,19.49,Minahasa Selatan
2020,19.38,Minahasa Selatan
2021,19.77,Minahasa Selatan
2022,19.07,Minahasa Selatan
2023,18.9,Minahasa Selatan
2024,19.13,Minahasa Selatan
2018,14.73,Minahasa Tenggara
2019,14.22,Minahasa Tenggara
2020,13.73,Minahasa Tenggara
2021,13.31,Minahasa Tenggara
2022,12.61,Minahasa Tenggara
2023,12.7,Minahasa Tenggara
2024,12.59,Minahasa Tenggara
2018,14.13,Minahasa Utara
2019,14.09,Minahasa Utara
2020,14.33,Minahasa Utara
2021,14.49,Minahasa Utara
2022,13.5,Minahasa Utara
2023,13.66,Minahasa Utara
2024,14.32,Minahasa Utara
2018,111.55,Mojokerto
2019,108.81,Mojokerto
2020,118.8,Mojokerto
2021,120.54,Mojokerto
2022,111.03,Mojokerto
2023,112.86,Mojokerto
2024,108.72,Mojokerto
2018,17.03,Morowali
2019,16.61,Morowali
2020,16.5,Morowali
2021,17.07,Morowali
2022,15.86,Morowali
2023,15.75,Morowali
2024,14.99,Morowali
2018,19.4,Morowali Utara
2019,19.25,Morowali Utara
2020,18.38,Morowali Utara
2021,18.4,Morowali Utara
2022,17.49,Morowali Utara
2023,17.66,Morowali Utara
2024,16.74,Morowali Utara
2018,78.58,Muara Enim
2019,78.75,Muara Enim
2020,79.27,Muara Enim
2021,80.4,Muara Enim
2022,73.53,Muara Enim
2023,73.24,Muara Enim
2024,66.42,Muara Enim
2018,17.38,Muaro Jambi
2019,16.86,Muaro Jambi
2020,17.3,Muaro Jambi
2021,20.49,Muaro Jambi
2022,20.64,Muaro Jambi
2023,20.83,Muaro Jambi
2024,17.48,Muaro Jambi
2018,21.5,Mukomuko
2019,22.56,Mukomuko
2020,23.1,Mukomuko
2021,22.5,Mukomuko
2022,21.81,Mukomuko
2023,20.7,Mukomuko
2024,20.88,Mukomuko
2018,29.12,Muna
2019,28.47,Muna
2020,28.73,Muna
2021,30.54,Muna
2022,30.48,Muna
2023,32.24,Muna
2024,31.82,Muna
2018,11.39,Muna Barat
2019,11.52,Muna Barat
2020,11.32,Muna Barat
2021,11.55,Muna Barat
2022,11.56,Muna Barat
2023,11.81,Muna Barat
2024,11.36,Muna Barat
2018,7.39,Murung Raya
2019,7.21,Murung Raya
2020,7.18,Murung Raya
2021,7.31,Murung Raya
2022,7.69,Murung Raya
2023,7.81,Murung Raya
2024,8.05,Murung Raya
2018,105.15,Musi Banyuasin
2019,105.83,Musi Banyuasin
2020,105.38,Musi Banyuasin
2021,105.23,Musi Banyuasin
2022,102.24,Musi Banyuasin
2023,101.63,Musi Banyuasin
2024,88.94,Musi Banyuasin
2018,54.75,Musi Rawas
2019,53.82,Musi Rawas
2020,54.95,Musi Rawas
2021,57.46,Musi Rawas
2022,55.8,Musi Rawas
2023,59.75,Musi Rawas
2024,57.44,Musi Rawas
2018,36.19,Musi Rawas Utara
2019,36.63,Musi Rawas Utara
2020,37.75,Musi Rawas Utara
2021,39.5,Musi Rawas Utara
2022,36.65,Musi Rawas Utara
2023,36.68,Musi Rawas Utara
2024,35.29,Musi Rawas Utara
2018,37.06,Nabire
2019,37.14,Nabire
2020,36.75,Nabire
2021,35.08,Nabire
2022,35.43,Nabire
2023,34.83,Nabire
2024,36.02,Nabire
2018,31.06,Nagan Raya
2019,29.93,Nagan Raya
2020,29.99,Nagan Raya
2021,30.71,Nagan Raya
2022,29.63,Nagan Raya
2023,29.78,Nagan Raya
2024,29.6,Nagan Raya
2018,18.69,Nagekeo
2019,18.7,Nagekeo
2020,18.51,Nagekeo
2021,19.11,Nagekeo
2022,18.01,Nagekeo
2023,18.57,Nagekeo
2024,18.68,Nagekeo
2018,3.6,Natuna
2019,3.43,Natuna
2020,3.47,Natuna
2021,3.98,Natuna
2022,4.32,Natuna
2023,4.3,Natuna
2024,4.17,Natuna
2018,37.14,Nduga
2019,37.6,Nduga
2020,36.54,Nduga
2021,41.17,Nduga
2022,41.76,Nduga
2023,43.27,Nduga
2024,43.42,Nduga
2018,20.79,Ngada
2019,20.31,Ngada
2020,20.62,Ngada
2021,20.98,Ngada
2022,20.14,Ngada
2023,20.57,Ngada
2024,20.48,Ngada
2018,127.28,Nganjuk
2019,118.51,Nganjuk
2020,122.73,Nganjuk
2021,125.53,Nganjuk
2022,113.63,Nganjuk
2023,115.86,Nganjuk
2024,108.37,Nganjuk
2018,123.09,Ngawi
2019,119.43,Ngawi
2020,128.19,Ngawi
2021,130.81,Ngawi
2022,119.02,Ngawi
2023,121.3,Ngawi
2024,116.47,Ngawi
2018,22.61,Nias
2019,22.1,Nias
2020,23.12,Nias
2021,24.33,Nias
2022,23.23,Nias
2023,21.99,Nias
2024,21.74,Nias
2018,23.0,Nias Barat
2019,22.08,Nias Barat
2020,22.33,Nias Barat
2021,21.75,Nias Barat
2022,20.42,Nias Barat
2023,18.86,Nias Barat
2024,18.78,Nias Barat
2018,52.7,Nias Selatan
2019,52.51,Nias Selatan
2020,53.88,Nias Selatan
2021,55.16,Nias Selatan
2022,54.16,Nias Selatan
2023,54.29,Nias Selatan
2024,54.48,Nias Selatan
2018,36.33,Nias Utara
2019,34.42,Nias Utara
2020,34.75,Nias Utara
2021,35.84,Nias Utara
2022,32.87,Nias Utara
2023,30.78,Nias Utara
2024,30.53,Nias Utara
2018,13.38,Nunukan
2019,12.69,Nunukan
2020,13.76,Nunukan
2021,13.94,Nunukan
2022,12.86,Nunukan
2023,11.88,Nunukan
2024,12.61,Nunukan
2018,55.87,Ogan Ilir
2019,57.06,Ogan Ilir
2020,57.97,Ogan Ilir
2021,60.5,Ogan Ilir
2022,54.55,Ogan Ilir
2023,59.33,Ogan Ilir
2024,55.49,Ogan Ilir
2018,124.86,Ogan Komering Ilir
2019,124.14,Ogan Komering Ilir
2020,123.34,Ogan Komering Ilir
2021,124.78,Ogan Komering Ilir
2022,113.79,Ogan Komering Ilir
2023,114.48,Ogan Komering Ilir
2024,106.37,Ogan Komering Ilir
2018,45.71,Ogan Komering Ulu
2019,46.84,Ogan Komering Ulu
2020,47.3,Ogan Komering Ulu
2021,47.5,Ogan Komering Ulu
2022,44.2,Ogan Komering Ulu
2023,44.11,Ogan Komering Ulu
2024,41.54,Ogan Komering Ulu
2018,37.87,Ogan Komering Ulu Selatan
2019,37.92,Ogan Komering Ulu Selatan
2020,39.5,Ogan Komering Ulu Selatan
2021,41.23,Ogan Komering Ulu Selatan
2022,39.61,Ogan Komering Ulu Selatan
2023,39.3,Ogan Komering Ulu Selatan
2024,37.81,Ogan Komering Ulu Selatan
2018,70.65,Ogan Komering Ulu Timur
2019,70.4,Ogan Komering Ulu Timur
2020,71.1,Ogan Komering Ulu Timur
2021,72.89,Ogan Komering Ulu Timur
2022,69.69,Ogan Komering Ulu Timur
2023,69.91,Ogan Komering Ulu Timur
2024,68.74,Ogan Komering Ulu Timur
2018,78.64,Pacitan
2019,75.86,Pacitan
2020,80.82,Pacitan
2021,84.19,Pacitan
2022,76.93,Pacitan
2023,76.2,Pacitan
2024,73.03,Pacitan
2018,23.05,Padang Lawas
2019,23.17,Padang Lawas
2020,23.87,Padang Lawas
2021,25.78,Padang Lawas
2022,24.45,Padang Lawas
2023,24.51,Padang Lawas
2024,24.96,Padang Lawas
2018,26.82,Padang Lawas Utara
2019,26.06,Padang Lawas Utara
2020,26.79,Padang Lawas Utara
2021,28.37,Padang Lawas Utara
2022,26.09,Padang Lawas Utara
2023,26.17,Padang Lawas Utara
2024,27.21,Padang Lawas Utara
2018,33.2,Padang Pariaman
2019,29.48,Padang Pariaman
2020,28.98,Padang Pariaman
2021,30.41,Padang Pariaman
2022,26.44,Padang Pariaman
2023,26.93,Padang Pariaman
2024,26.76,Padang Pariaman
2018,4.66,Pakpak Bharat
2019,4.52,Pakpak Bharat
2020,4.59,Pakpak Bharat
2021,4.79,Pakpak Bharat
2022,4.52,Pakpak Bharat
2023,4.01,Pakpak Bharat
2024,3.73,Pakpak Bharat
2018,125.76,Pamekasan
2019,122.43,Pamekasan
2020,129.41,Pamekasan
2021,137.12,Pamekasan
2022,126.02,Pamekasan
2023,126.43,Pamekasan
2024,123.46,Pamekasan
2018,116.16,Pandeglang
2019,114.09,Pandeglang
2020,120.44,Pandeglang
2021,131.43,Pandeglang
2022,114.65,Pandeglang
2023,114.23,Pandeglang
2024,113.45,Pandeglang
2018,32.19,Pangandaran
2019,30.73,Pangandaran
2020,36.05,Pangandaran
2021,39.07,Pangandaran
2022,37.91,Pangandaran
2023,36.7,Pangandaran
2024,35.95,Pangandaran
2018,50.12,Pangkajene Dan Kepulauan
2019,47.07,Pangkajene Dan Kepulauan
2020,47.12,Pangkajene Dan Kepulauan
2021,48.4,Pangkajene Dan Kepulauan
2022,47.53,Pangkajene Dan Kepulauan
2023,46.06,Pangkajene Dan Kepulauan
2024,42.94,Pangkajene Dan Kepulauan
2018,64.46,Paniai
2019,65.54,Paniai
2020,65.98,Paniai
2021,62.57,Paniai
2022,62.97,Paniai
2023,61.14,Paniai
2024,64.34,Paniai
2018,83.66,Parigi Moutong
2019,81.36,Parigi Moutong
2020,78.76,Parigi Moutong
2021,76.79,Parigi Moutong
2022,74.6,Parigi Moutong
2023,77.18,Parigi Moutong
2024,74.57,Parigi Moutong
2018,20.31,Pasaman
2019,20.22,Pasaman
2020,20.29,Pasaman
2021,21.57,Pasaman
2022,19.94,Pasaman
2023,19.99,Pasaman
2024,20.01,Pasaman
2018,31.83,Pasaman Barat
2019,31.53,Pasaman Barat
2020,31.64,Pasaman Barat
2021,34.97,Pasaman Barat
2022,32.91,Pasaman Barat
2023,33.52,Pasaman Barat
2024,34.6,Pasaman Barat
2018,25.14,Paser
2019,25.45,Paser
2020,26.77,Paser
2021,27.56,Paser
2022,27.02,Paser
2023,26.39,Paser
2024,25.28,Paser
2018,152.48,Pasuruan
2019,141.09,Pasuruan
2020,151.43,Pasuruan
2021,159.78,Pasuruan
2022,148.62,Pasuruan
2023,154.09,Pasuruan
2024,144.84,Pasuruan
2018,123.94,Pati
2019,118.98,Pati
2020,127.37,Pati
2021,128.74,Pati
2022,118.04,Pati
2023,118.18,Pati
2024,116.84,Pati
2018,10.8,Pegunungan Arfak
2019,10.74,Pegunungan Arfak
2020,10.68,Pegunungan Arfak
2021,11.85,Pegunungan Arfak
2022,11.87,Pegunungan Arfak
2023,11.71,Pegunungan Arfak
2024,11.87,Pegunungan Arfak
2018,22.81,Pegunungan Bintang
2019,23.01,Pegunungan Bintang
2020,23.03,Pegunungan Bintang
2021,23.38,Pegunungan Bintang
2022,23.5,Pegunungan Bintang
2023,23.32,Pegunungan Bintang
2024,22.87,Pegunungan Bintang
2018,89.54,Pekalongan
2019,87.01,Pekalongan
2020,91.86,Pekalongan
2021,95.26,Pekalongan
2022,87.53,Pekalongan
2023,87.93,Pekalongan
2024,81.72,Pekalongan
2018,44.29,Pelalawan
2019,45.98,Pelalawan
2020,45.88,Pelalawan
2021,49.3,Pelalawan
2022,47.84,Pelalawan
2023,45.3,Pelalawan
2024,49.2,Pelalawan
2018,208.34,Pemalang
2019,200.67,Pemalang
2020,209.03,Pemalang
2021,215.08,Pemalang
2022,195.84,Pemalang
2023,195.57,Pemalang
2024,194.2,Pemalang
2018,11.76,Penajam Paser Utara
2019,11.52,Penajam Paser Utara
2020,11.93,Penajam Paser Utara
2021,12.13,Penajam Paser Utara
2022,11.59,Penajam Paser Utara
2023,11.19,Penajam Paser Utara
2024,10.78,Penajam Paser Utara
2018,25.78,Penukal Abab Lematang Ilir
2019,25.47,Penukal Abab Lematang Ilir
2020,24.17,Penukal Abab Lematang Ilir
2021,25.1,Penukal Abab Lematang Ilir
2022,23.14,Penukal Abab Lematang Ilir
2023,21.72,Penukal Abab Lematang Ilir
2024,19.79,Penukal Abab Lematang Ilir
2018,70.14,Pesawaran
2019,67.36,Pesawaran
2020,66.04,Pesawaran
2021,68.31,Pesawaran
2022,63.17,Pesawaran
2023,59.29,Pesawaran
2024,55.01,Pesawaran
2018,22.98,Pesisir Barat
2019,22.38,Pesisir Barat
2020,22.24,Pesisir Barat
2021,23.23,Pesisir Barat
2022,21.85,Pesisir Barat
2023,21.45,Pesisir Barat
2024,20.22,Pesisir Barat
2018,34.92,Pesisir Selatan
2019,36.51,Pesisir Selatan
2020,35.46,Pesisir Selatan
2021,37.41,Pesisir Selatan
2022,33.78,Pesisir Selatan
2023,35.09,Pesisir Selatan
2024,36.05,Pesisir Selatan
2018,89.53,Pidie
2019,86.29,Pidie
2020,86.39,Pidie
2021,88.53,Pidie
2022,85.87,Pidie
2023,86.79,Pidie
2024,86.89,Pidie
2018,31.72,Pidie Jaya
2019,30.97,Pidie Jaya
2020,31.39,Pidie Jaya
2021,31.79,Pidie Jaya
2022,30.41,Pidie Jaya
2023,30.74,Pidie Jaya
2024,30.95,Pidie Jaya
2018,32.94,Pinrang
2019,31.85,Pinrang
2020,33.56,Pinrang
2021,33.51,Pinrang
2022,33.64,Pinrang
2023,34.23,Pinrang
2024,33.04,Pinrang
2018,30.39,Pohuwato
2019,29.13,Pohuwato
2020,28.92,Pohuwato
2021,29.22,Pohuwato
2022,29.32,Pohuwato
2023,29.39,Pohuwato
2024,28.93,Pohuwato
2018,69.68,Polewali Mandar
2019,68.86,Polewali Mandar
2020,68.18,Polewali Mandar
2021,69.32,Polewali Mandar
2022,72.87,Polewali Mandar
2023,71.92,Polewali Mandar
2024,70.42,Polewali Mandar
2018,90.22,Ponorogo
2019,83.97,Ponorogo
2020,86.74,Ponorogo
2021,89.94,Ponorogo
2022,81.8,Ponorogo
2023,83.71,Ponorogo
2024,80.05,Ponorogo
2018,14.61,Pontianak
2019,14.02,Pontianak
2020,13.18,Pontianak
2021,13.82,Pontianak
2022,14.3,Pontianak
2023,14.15,Pontianak
2024,13.22,Pontianak
2018,41.75,Poso
2019,39.92,Poso
2020,40.2,Poso
2021,41.99,Poso
2022,40.78,Poso
2023,41.48,Poso
2024,39.63,Poso
2018,41.64,Pringsewu
2019,40.55,Pringsewu
2020,40.12,Pringsewu
2021,41.04,Pringsewu
2022,38.18,Pringsewu
2023,37.6,Pringsewu
2024,34.42,Pringsewu
2018,217.06,Probolinggo
2019,207.22,Probolinggo
2020,218.35,Probolinggo
2021,223.32,Probolinggo
2022,203.23,Probolinggo
2023,205.02,Probolinggo
2024,197.11,Probolinggo
2018,5.71,Pulang Pisau
2019,5.39,Pulang Pisau
2020,5.21,Pulang Pisau
2021,5.43,Pulang Pisau
2022,6.04,Pulang Pisau
2023,5.92,Pulang Pisau
2024,5.91,Pulang Pisau
2018,4.67,Pulau Morotai
2019,4.86,Pulau Morotai
2020,4.43,Pulau Morotai
2021,4.45,Pulau Morotai
2022,3.77,Pulau Morotai
2023,3.81,Pulau Morotai
2024,3.69,Pulau Morotai
2018,3.85,Pulau Taliabu
2019,3.98,Pulau Taliabu
2020,3.89,Pulau Taliabu
2021,4.05,Pulau Taliabu
2022,3.76,Pulau Taliabu
2023,4.03,Pulau Taliabu
2024,3.97,Pulau Taliabu
2018,42.1,Puncak
2019,43.09,Puncak
2020,42.43,Puncak
2021,40.78,Puncak
2022,41.28,Puncak
2023,42.01,Puncak
2024,43.73,Puncak
2018,45.51,Puncak Jaya
2019,45.89,Puncak Jaya
2020,46.07,Puncak Jaya
2021,46.39,Puncak Jaya
2022,47.61,Puncak Jaya
2023,47.5,Puncak Jaya
2024,48.78,Puncak Jaya
2018,144.16,Purbalingga
2019,140.07,Purbalingga
2020,149.48,Purbalingga
2021,153.08,Purbalingga
2022,145.33,Purbalingga
2023,143.41,Purbalingga
2024,136.72,Purbalingga
2018,75.94,Purwakarta
2019,71.86,Purwakarta
2020,80.17,Purwakarta
2021,84.27,Purwakarta
2022,83.44,Purwakarta
2023,81.54,Purwakarta
2024,81.44,Purwakarta
2018,83.55,Purworejo
2019,82.17,Purworejo
2020,84.79,Purworejo
2021,88.8,Purworejo
2022,82.64,Purworejo
2023,81.28,Purworejo
2024,78.02,Purworejo
2018,8.5,Raja Ampat
2019,8.3,Raja Ampat
2020,8.32,Raja Ampat
2021,8.69,Raja Ampat
2022,8.69,Raja Ampat
2023,8.51,Raja Ampat
2024,8.13,Raja Ampat
2018,42.13,Rejang Lebong
2019,41.57,Rejang Lebong
2020,41.47,Rejang Lebong
2021,43.3,Rejang Lebong
2022,43.18,Rejang Lebong
2023,41.18,Rejang Lebong
2024,41.16,Rejang Lebong
2018,97.44,Rembang
2019,95.26,Rembang
2020,100.08,Rembang
2021,101.4,Rembang
2022,94.56,Rembang
2023,91.97,Rembang
2024,91.45,Rembang
2018,48.92,Rokan Hilir
2019,49.8,Rokan Hilir
2020,48.85,Rokan Hilir
2021,51.97,Rokan Hilir
2022,49.59,Rokan Hilir
2023,53.04,Rokan Hilir
2024,53.49,Rokan Hilir
2018,72.28,Rokan Hulu
2019,72.21,Rokan Hulu
2020,73.35,Rokan Hulu
2021,74.73,Rokan Hulu
2022,73.81,Rokan Hulu
2023,74.38,Rokan Hulu
2024,75.89,Rokan Hulu
2018,46.13,Rote Ndao
2019,47.66,Rote Ndao
2020,48.77,Rote Ndao
2021,51.71,Rote Ndao
2022,52.43,Rote Ndao
2023,53.55,Rote Ndao
2024,52.89,Rote Ndao
2018,28.88,Sabu Raijua
2019,29.49,Sabu Raijua
2020,30.14,Sabu Raijua
2021,30.6,Sabu Raijua
2022,30.0,Sabu Raijua
2023,30.43,Sabu Raijua
2024,30.98,Sabu Raijua
2018,45.48,Sambas
2019,43.84,Sambas
2020,41.41,Sambas
2021,41.49,Sambas
2022,37.65,Sambas
2023,38.71,Sambas
2024,35.87,Sambas
2018,16.81,Samosir
2019,15.79,Samosir
2020,15.8,Samosir
2021,16.08,Samosir
2022,14.97,Samosir
2023,14.86,Samosir
2024,14.85,Samosir
2018,204.82,Sampang
2019,202.21,Sampang
2020,224.74,Sampang
2021,237.23,Sampang
2022,217.97,Sampang
2023,221.71,Sampang
2024,214.32,Sampang
2018,21.59,Sanggau
2019,21.41,Sanggau
2020,21.16,Sanggau
2021,21.7,Sanggau
2022,21.74,Sanggau
2023,23.34,Sanggau
2024,23.02,Sanggau
2018,5.67,Sarmi
2019,5.8,Sarmi
2020,5.7,Sarmi
2021,5.56,Sarmi
2022,5.6,Sarmi
2023,5.45,Sarmi
2024,5.87,Sarmi
2018,25.7,Sarolangun
2019,25.39,Sarolangun
2020,25.79,Sarolangun
2021,27.06,Sarolangun
2022,26.23,Sarolangun
2023,26.77,Sarolangun
2024,26.54,Sarolangun
2018,12.29,Sekadau
2019,12.28,Sekadau
2020,11.92,Sekadau
2021,12.69,Sekadau
2022,11.91,Sekadau
2023,12.09,Sekadau
2024,11.69,Sekadau
2018,37.51,Seluma
2019,36.92,Seluma
2020,36.23,Seluma
2021,37.05,Seluma
2022,36.71,Seluma
2023,36.32,Seluma
2024,35.08,Seluma
2018,75.67,Semarang
2019,73.9,Semarang
2020,79.88,Semarang
2021,83.61,Semarang
2022,78.6,Semarang
2023,78.35,Semarang
2024,76.87,Semarang
2018,43.77,Seram Bagian Barat
2019,43.14,Seram Bagian Barat
2020,43.15,Seram Bagian Barat
2021,43.72,Seram Bagian Barat
2022,38.57,Seram Bagian Barat
2023,38.87,Seram Bagian Barat
2024,38.78,Seram Bagian Barat
2018,26.64,Seram Bagian Timur
2019,26.44,Seram Bagian Timur
2020,26.69,Seram Bagian Timur
2021,26.41,Seram Bagian Timur
2022,23.71,Seram Bagian Timur
2023,24.26,Seram Bagian Timur
2024,24.34,Seram Bagian Timur
2018,64.46,Serang
2019,61.54,Serang
2020,74.8,Serang
2021,83.09,Serang
2022,75.45,Serang
2023,73.83,Serang
2024,68.86,Serang
2018,50.49,Serdang Bedagai
2019,48.69,Serdang Bedagai
2020,49.18,Serdang Bedagai
2021,51.16,Serdang Bedagai
2022,48.22,Serdang Bedagai
2023,45.88,Serdang Bedagai
2024,43.0,Serdang Bedagai
2018,14.56,Seruyan
2019,14.66,Seruyan
2020,14.53,Seruyan
2021,15.07,Seruyan
2022,15.96,Seruyan
2023,15.71,Seruyan
2024,16.06,Seruyan
2018,25.81,Siak
2019,24.49,Siak
2020,25.38,Siak
2021,25.77,Siak
2022,25.71,Siak
2023,26.99,Siak
2024,26.72,Siak
2018,6.53,Siau Tagulandang Biaro
2019,6.35,Siau Tagulandang Biaro
2020,5.95,Siau Tagulandang Biaro
2021,6.0,Siau Tagulandang Biaro
2022,5.53,Siau Tagulandang Biaro
2023,5.92,Siau Tagulandang Biaro
2024,5.63,Siau Tagulandang Biaro
2018,15.41,Sidenreng Rappang
2019,14.44,Sidenreng Rappang
2020,15.36,Sidenreng Rappang
2021,15.25,Sidenreng Rappang
2022,15.56,Sidenreng Rappang
2023,15.75,Sidenreng Rappang
2024,15.48,Sidenreng Rappang
2018,125.75,Sidoarjo
2019,119.29,Sidoarjo
2020,127.05,Sidoarjo
2021,137.15,Sidoarjo
2022,125.69,Sidoarjo
2023,119.15,Sidoarjo
2024,109.39,Sidoarjo
2018,29.78,Sigi
2019,30.82,Sigi
2020,30.0,Sigi
2021,31.51,Sigi
2022,29.94,Sigi
2023,31.47,Sigi
2024,29.8,Sigi
2018,16.55,Sijunjung
2019,16.65,Sijunjung
2020,16.28,Sijunjung
2021,16.81,Sijunjung
2022,15.07,Sijunjung
2023,15.02,Sijunjung
2024,14.99,Sijunjung
2018,44.02,Sikka
2019,43.32,Sikka
2020,42.18,Sikka
2021,43.09,Sikka
2022,40.87,Sikka
2023,40.81,Sikka
2024,38.73,Sikka
2018,80.3,Simalungun
2019,76.33,Simalungun
2020,73.64,Simalungun
2021,76.99,Simalungun
2022,72.47,Simalungun
2023,69.21,Simalungun
2024,68.05,Simalungun
2018,18.22,Simeulue
2019,17.67,Simeulue
2020,17.34,Simeulue
2021,18.25,Simeulue
2022,17.86,Simeulue
2023,17.62,Simeulue
2024,17.59,Simeulue
2018,22.48,Sinjai
2019,22.27,Sinjai
2020,22.06,Sinjai
2021,21.69,Sinjai
2022,21.67,Sinjai
2023,21.14,Sinjai
2024,19.4,Sinjai
2018,42.65,Sintang
2019,40.3,Sintang
2020,39.19,Sintang
2021,39.4,Sintang
2022,36.76,Sintang
2023,35.49,Sintang
2024,35.18,Sintang
2018,80.27,Situbondo
2019,76.44,Situbondo
2020,83.74,Situbondo
2021,86.95,Situbondo
2022,81.46,Situbondo
2023,82.62,Situbondo
2024,80.17,Situbondo
2018,92.04,Sleman
2019,90.17,Sleman
2020,99.78,Sleman
2021,108.93,Sleman
2022,98.92,Sleman
2023,97.5,Sleman
2024,97.94,Sleman
2018,32.89,Solok
2019,29.74,Solok
2020,29.28,Solok
2021,30.36,Solok
2022,27.16,Solok
2023,27.33,Solok
2024,28.18,Solok
2018,11.85,Solok Selatan
2019,12.5,Solok Selatan
2020,12.39,Solok Selatan
2021,13.41,Solok Selatan
2022,11.81,Solok Selatan
2023,11.91,Solok Selatan
2024,12.33,Solok Selatan
2018,17.0,Soppeng
2019,16.45,Soppeng
2020,17.23,Soppeng
2021,17.27,Soppeng
2022,17.21,Soppeng
2023,17.21,Soppeng
2024,15.9,Soppeng
2018,26.1,Sorong
2019,25.3,Sorong
2020,24.89,Sorong
2021,25.93,Sorong
2022,26.34,Sorong
2023,26.27,Sorong
2024,25.69,Sorong
2018,8.76,Sorong Selatan
2019,8.6,Sorong Selatan
2020,8.71,Sorong Selatan
2021,9.16,Sorong Selatan
2022,9.33,Sorong Selatan
2023,9.35,Sorong Selatan
2024,9.4,Sorong Selatan
2018,116.37,Sragen
2019,113.83,Sragen
2020,119.38,Sragen
2021,122.91,Sragen
2022,115.14,Sragen
2023,114.62,Sragen
2024,110.65,Sragen
2018,136.61,Subang
2019,129.18,Subang
2020,149.81,Subang
2021,158.97,Subang
2022,155.34,Subang
2023,152.33,Subang
2024,152.56,Subang
2018,166.33,Sukabumi
2019,153.3,Sukabumi
2020,175.1,Sukabumi
2021,194.35,Sukabumi
2022,186.28,Sukabumi
2023,178.71,Sukabumi
2024,175.93,Sukabumi
2018,1.96,Sukamara
2019,2.01,Sukamara
2020,2.13,Sukamara
2021,2.38,Sukamara
2022,2.48,Sukamara
2023,2.71,Sukamara
2024,2.9,Sukamara
2018,65.43,Sukoharjo
2019,63.55,Sukoharjo
2020,68.89,Sukoharjo
2021,73.84,Sukoharjo
2022,68.72,Sukoharjo
2023,68.79,Sukoharjo
2024,68.15,Sukoharjo
2018,36.3,Sumba Barat
2019,36.56,Sumba Barat
2020,36.95,Sumba Barat
2021,37.78,Sumba Barat
2022,37.06,Sumba Barat
2023,37.15,Sumba Barat
2024,36.72,Sumba Barat
2018,97.28,Sumba Barat Daya
2019,96.3,Sumba Barat Daya
2020,97.81,Sumba Barat Daya
2021,100.42,Sumba Barat Daya
2022,98.5,Sumba Barat Daya
2023,101.4,Sumba Barat Daya
2024,102.05,Sumba Barat Daya
2018,24.93,Sumba Tengah
2019,25.12,Sumba Tengah
2020,25.37,Sumba Tengah
2021,25.48,Sumba Tengah
2022,24.49,Sumba Tengah
2023,24.24,Sumba Tengah
2024,23.81,Sumba Tengah
2018,76.8,Sumba Timur
2019,77.39,Sumba Timur
2020,77.3,Sumba Timur
2021,78.33,Sumba Timur
2022,75.28,Sumba Timur
2023,75.66,Sumba Timur
2024,73.58,Sumba Timur
2018,63.77,Sumbawa
2019,63.49,Sumbawa
2020,62.88,Sumbawa
2021,66.0,Sumbawa
2022,64.73,Sumbawa
2023,67.4,Sumbawa
2024,63.0,Sumbawa
2018,20.36,Sumbawa Barat
2019,20.45,Sumbawa Barat
2020,20.2,Sumbawa Barat
2021,21.51,Sumbawa Barat
2022,21.28,Sumbawa Barat
2023,21.77,Sumbawa Barat
2024,21.13,Sumbawa Barat
2018,112.14,Sumedang
2019,104.18,Sumedang
2020,118.38,Sumedang
2021,126.28,Sumedang
2022,120.12,Sumedang
2023,111.39,Sumedang
2024,108.89,Sumedang
2018,218.6,Sumenep
2019,211.98,Sumenep
2020,220.23,Sumenep
2021,224.73,Sumenep
2022,206.2,Sumenep
2023,206.1,Sumenep
2024,196.42,Sumenep
2018,7.76,Supiori
2019,7.97,Supiori
2020,7.78,Supiori
2021,7.83,Supiori
2022,7.94,Supiori
2023,7.94,Supiori
2024,8.25,Supiori
2018,14.87,Tabalong
2019,15.22,Tabalong
2020,14.7,Tabalong
2021,16.13,Tabalong
2022,15.24,Tabalong
2023,15.15,Tabalong
2024,14.97,Tabalong
2018,19.77,Tabanan
2019,18.74,Tabanan
2020,19.11,Tabanan
2021,23.11,Tabanan
2022,23.46,Tabanan
2023,21.42,Tabanan
2024,20.16,Tabanan
2018,26.57,Takalar
2019,25.93,Takalar
2020,25.38,Takalar
2021,24.6,Takalar
2022,24.75,Takalar
2023,25.01,Takalar
2024,23.51,Takalar
2018,4.77,Tambrauw
2019,4.67,Tambrauw
2020,4.59,Tambrauw
2021,5.31,Tambrauw
2022,5.2,Tambrauw
2023,5.13,Tambrauw
2024,5.02,Tambrauw
2018,1.34,Tana Tidung
2019,1.34,Tana Tidung
2020,1.46,Tana Tidung
2021,1.49,Tana Tidung
2022,1.35,Tana Tidung
2023,1.47,Tana Tidung
2024,1.5,Tana Tidung
2018,29.65,Tana Toraja
2019,28.87,Tana Toraja
2020,28.41,Tana Toraja
2021,29.33,Tana Toraja
2022,29.31,Tana Toraja
2023,30.23,Tana Toraja
2024,26.3,Tana Toraja
2018,17.06,Tanah Bumbu
2019,17.35,Tanah Bumbu
2020,16.83,Tanah Bumbu
2021,18.92,Tanah Bumbu
2022,17.22,Tanah Bumbu
2023,17.17,Tanah Bumbu
2024,14.68,Tanah Bumbu
2018,18.48,Tanah Datar
2019,16.2,Tanah Datar
2020,15.34,Tanah Datar
2021,15.89,Tanah Datar
2022,14.91,Tanah Datar
2023,14.57,Tanah Datar
2024,15.0,Tanah Datar
2018,14.87,Tanah Laut
2019,15.45,Tanah Laut
2020,14.79,Tanah Laut
2021,15.86,Tanah Laut
2022,13.54,Tanah Laut
2023,13.22,Tanah Laut
2024,13.4,Tanah Laut
2018,190.05,Tangerang
2019,193.97,Tangerang
2020,242.16,Tangerang
2021,272.35,Tangerang
2022,270.52,Tangerang
2023,276.33,Tangerang
2024,266.43,Tangerang
2018,73.77,Tanggamus
2019,71.9,Tanggamus
2020,70.37,Tanggamus
2021,71.89,Tanggamus
2022,67.43,Tanggamus
2023,65.18,Tanggamus
2024,64.22,Tanggamus
2018,36.28,Tanjung Jabung Barat
2019,35.12,Tanjung Jabung Barat
2020,34.79,Tanjung Jabung Barat
2021,36.1,Tanjung Jabung Barat
2022,33.95,Tanjung Jabung Barat
2023,33.61,Tanjung Jabung Barat
2024,33.12,Tanjung Jabung Barat
2018,26.99,Tanjung Jabung Timur
2019,25.35,Tanjung Jabung Timur
2020,24.23,Tanjung Jabung Timur
2021,24.42,Tanjung Jabung Timur
2022,23.42,Tanjung Jabung Timur
2023,23.33,Tanjung Jabung Timur
2024,21.86,Tanjung Jabung Timur
2018,25.63,Tapanuli Selatan
2019,24.22,Tapanuli Selatan
2020,23.96,Tapanuli Selatan
2021,25.01,Tapanuli Selatan
2022,23.05,Tapanuli Selatan
2023,20.09,Tapanuli Selatan
2024,19.9,Tapanuli Selatan
2018,48.53,Tapanuli Tengah
2019,46.99,Tapanuli Tengah
2020,47.19,Tapanuli Tengah
2021,49.95,Tapanuli Tengah
2022,47.07,Tapanuli Tengah
2023,47.09,Tapanuli Tengah
2024,49.21,Tapanuli Tengah
2018,29.2,Tapanuli Utara
2019,28.57,Tapanuli Utara
2020,28.41,Tapanuli Utara
2021,29.72,Tapanuli Utara
2022,27.47,Tapanuli Utara
2023,26.39,Tapanuli Utara
2024,25.51,Tapanuli Utara
2018,6.98,Tapin
2019,6.51,Tapin
2020,5.9,Tapin
2021,6.93,Tapin
2022,6.98,Tapin
2023,6.22,Tapin
2024,6.55,Tapin
2018,172.41,Tasikmalaya
2019,159.93,Tasikmalaya
2020,181.52,Tasikmalaya
2021,200.59,Tasikmalaya
2022,194.1,Tasikmalaya
2023,186.87,Tasikmalaya
2024,186.75,Tasikmalaya
2018,22.86,Tebo
2019,22.83,Tebo
2020,22.47,Tebo
2021,23.77,Tebo
2022,22.81,Tebo
2023,23.47,Tebo
2024,22.48,Tebo
2018,114.06,Tegal
2019,109.94,Tegal
2020,117.5,Tegal
2021,123.52,Tegal
2022,113.62,Tegal
2023,105.03,Tegal
2024,98.02,Tegal
2018,19.64,Teluk Bintuni
2019,19.59,Teluk Bintuni
2020,19.22,Teluk Bintuni
2021,20.07,Teluk Bintuni
2022,20.45,Teluk Bintuni
2023,19.82,Teluk Bintuni
2024,19.33,Teluk Bintuni
2018,10.53,Teluk Wondama
2019,10.48,Teluk Wondama
2020,10.22,Teluk Wondama
2021,10.74,Teluk Wondama
2022,10.44,Teluk Wondama
2023,10.24,Teluk Wondama
2024,10.3,Teluk Wondama
2018,75.39,Temanggung
2019,72.57,Temanggung
2020,77.33,Temanggung
2021,79.09,Temanggung
2022,73.04,Temanggung
2023,72.96,Temanggung
2024,68.77,Temanggung
2018,130.63,Timor Tengah Selatan
2019,130.31,Timor Tengah Selatan
2020,128.98,Timor Tengah Selatan
2021,125.68,Timor Tengah Selatan
2022,120.45,Timor Tengah Selatan
2023,119.51,Timor Tengah Selatan
2024,117.41,Timor Tengah Selatan
2018,56.09,Timor Tengah Utara
2019,56.94,Timor Tengah Utara
2020,56.98,Timor Tengah Utara
2021,58.33,Timor Tengah Utara
2022,55.88,Timor Tengah Utara
2023,57.19,Timor Tengah Utara
2024,55.03,Timor Tengah Utara
2018,15.82,Toba Samosir
2019,15.78,Toba Samosir
2020,16.05,Toba Samosir
2021,16.61,Toba Samosir
2022,16.48,Toba Samosir
2023,14.94,Toba Samosir
2024,15.03,Toba Samosir
2018,27.78,Tojo Una-Una
2019,26.36,Tojo Una-Una
2020,25.43,Tojo Una-Una
2021,25.86,Tojo Una-Una
2022,25.33,Tojo Una-Una
2023,26.51,Tojo Una-Una
2024,26.12,Tojo Una-Una
2018,31.8,Toli-Toli
2019,30.79,Toli-Toli
2020,30.51,Toli-Toli
2021,32.19,Toli-Toli
2022,30.61,Toli-Toli
2023,31.13,Toli-Toli
2024,30.39,Toli-Toli
2018,45.54,Tolikara
2019,45.65,Tolikara
2020,44.88,Tolikara
2021,48.16,Tolikara
2022,47.13,Tolikara
2023,48.4,Tolikara
2024,48.73,Tolikara
2018,30.68,Toraja Utara
2019,28.64,Toraja Utara
2020,27.88,Toraja Utara
2021,28.39,Toraja Utara
2022,27.79,Toraja Utara
2023,29.14,Toraja Utara
2024,25.97,Toraja Utara
2018,83.5,Trenggalek
2019,76.44,Trenggalek
2020,81.06,Trenggalek
2021,84.89,Trenggalek
2022,76.75,Trenggalek
2023,74.58,Trenggalek
2024,73.75,Trenggalek
2018,178.64,Tuban
2019,170.8,Tuban
2020,187.13,Tuban
2021,192.58,Tuban
2022,178.05,Tuban
2023,177.25,Tuban
2024,171.24,Tuban
2018,21.93,Tulang Bawang Barat
2019,21.14,Tulang Bawang Barat
2020,20.29,Tulang Bawang Barat
2021,23.03,Tulang Bawang Barat
2022,20.72,Tulang Bawang Barat
2023,20.32,Tulang Bawang Barat
2024,20.35,Tulang Bawang Barat
2018,43.1,Tulangbawang
2019,42.06,Tulangbawang
2020,42.43,Tulangbawang
2021,44.53,Tulangbawang
2022,39.19,Tulangbawang
2023,37.83,Tulangbawang
2024,37.46,Tulangbawang
2018,75.23,Tulungagung
2019,70.01,Tulungagung
2020,76.4,Tulungagung
2021,78.59,Tulungagung
2022,70.52,Tulungagung
2023,68.81,Tulungagung
2024,66.42,Tulungagung
2018,29.73,Wajo
2019,27.48,Wajo
2020,27.69,Wajo
2021,26.22,Wajo
2022,26.75,Wajo
2023,27.54,Wajo
2024,26.57,Wajo
2018,14.2,Wakatobi
2019,14.14,Wakatobi
2020,13.75,Wakatobi
2021,15.3,Wakatobi
2022,15.01,Wakatobi
2023,15.34,Wakatobi
2024,14.93,Wakatobi
2018,9.26,Waropen
2019,9.68,Waropen
2020,9.44,Waropen
2021,9.69,Waropen
2022,10.02,Waropen
2023,9.86,Waropen
2024,10.3,Waropen
2018,60.16,Way Kanan
2019,58.72,Way Kanan
2020,58.41,Way Kanan
2021,59.89,Way Kanan
2022,54.28,Way Kanan
2023,51.26,Way Kanan
2024,48.88,Way Kanan
2018,102.84,Wonogiri
2019,98.28,Wonogiri
2020,104.37,Wonogiri
2021,110.46,Wonogiri
2022,105.19,Wonogiri
2023,104.82,Wonogiri
2024,102.57,Wonogiri
2018,138.32,Wonosobo
2019,131.35,Wonosobo
2020,137.64,Wonosobo
2021,139.67,Wonosobo
2022,128.11,Wonosobo
2023,123.7,Wonosobo
2024,121.49,Wonosobo
2018,74.02,Yahukimo
2019,73.92,Yahukimo
2020,71.76,Yahukimo
2021,73.62,Yahukimo
2022,71.61,Yahukimo
2023,72.14,Yahukimo
2024,68.32,Yahukimo
2018,21.64,Yalimo
2019,21.48,Yalimo
2020,20.84,Yalimo
2021,22.32,Yalimo
2022,21.72,Yalimo
2023,21.67,Yalimo
2024,21.44,Yalimo
