Kabupaten/Kota,Tahun,Pengeluaran Perkapita Bahan Minyak dan Kelapa
Aceh Barat,2018,3603.83
Aceh Barat,2019,4105.63
Aceh Barat,2020,4292.58
Aceh Barat,2021,4772.75
Aceh Barat,2022,5623.14
Aceh Barat,2023,5324.58
Aceh Barat,2024,5011.0
Aceh Barat Daya,2018,3657.14
Aceh Barat Daya,2019,3414.08
Aceh Barat Daya,2020,3745.97
Aceh Barat Daya,2021,3914.75
Aceh Barat Daya,2022,4316.53
Aceh Barat Daya,2023,4819.05
Aceh Barat Daya,2024,4942.0
Aceh Besar,2018,2928.22
Aceh Besar,2019,3186.53
Aceh Besar,2020,3338.5
Aceh Besar,2021,3720.78
Aceh Besar,2022,3684.23
Aceh Besar,2023,3612.19
Aceh Besar,2024,4407.0
Aceh Jaya,2018,4184.32
Aceh Jaya,2019,3820.0
Aceh Jaya,2020,4121.23
Aceh Jaya,2021,4119.72
Aceh Jaya,2022,4491.41
Aceh Jaya,2023,4606.67
Aceh Jaya,2024,4775.0
Aceh Selatan,2018,4098.55
Aceh Selatan,2019,4070.11
Aceh Selatan,2020,4441.17
Aceh Selatan,2021,4627.96
Aceh Selatan,2022,5987.98
Aceh Selatan,2023,4512.95
Aceh Selatan,2024,5400.0
Aceh Singkil,2018,4376.22
Aceh Singkil,2019,4172.96
Aceh Singkil,2020,4360.32
Aceh Singkil,2021,4687.54
Aceh Singkil,2022,5993.47
Aceh Singkil,2023,6387.26
Aceh Singkil,2024,5937.0
Aceh Tamiang,2018,3665.86
Aceh Tamiang,2019,3202.95
Aceh Tamiang,2020,3492.21
Aceh Tamiang,2021,3746.21
Aceh Tamiang,2022,4851.92
Aceh Tamiang,2023,4346.45
Aceh Tamiang,2024,4959.0
Aceh Tengah,2018,3668.49
Aceh Tengah,2019,3300.54
Aceh Tengah,2020,3748.67
Aceh Tengah,2021,3932.36
Aceh Tengah,2022,4929.98
Aceh Tengah,2023,4225.74
Aceh Tengah,2024,4834.0
Aceh Tenggara,2018,4469.6
Aceh Tenggara,2019,4175.9
Aceh Tenggara,2020,4365.51
Aceh Tenggara,2021,5178.1
Aceh Tenggara,2022,5576.68
Aceh Tenggara,2023,4856.17
Aceh Tenggara,2024,5713.0
Aceh Timur,2018,3429.42
Aceh Timur,2019,3417.63
Aceh Timur,2020,3803.63
Aceh Timur,2021,4087.42
Aceh Timur,2022,4938.54
Aceh Timur,2023,3847.67
Aceh Timur,2024,3970.0
Aceh Utara,2018,2621.29
Aceh Utara,2019,2616.93
Aceh Utara,2020,2701.51
Aceh Utara,2021,2728.57
Aceh Utara,2022,4041.7
Aceh Utara,2023,3885.02
Aceh Utara,2024,3738.0
Agam,2018,4275.26
Agam,2019,4634.44
Agam,2020,4656.18
Agam,2021,5472.18
Agam,2022,7742.62
Agam,2023,6230.73
Agam,2024,5899.0
Alor,2018,2297.09
Alor,2019,2491.1
Alor,2020,2288.51
Alor,2021,2773.67
Alor,2022,3423.76
Alor,2023,3686.92
Alor,2024,2401.0
Asahan,2018,4243.43
Asahan,2019,3768.29
Asahan,2020,4520.93
Asahan,2021,4787.11
Asahan,2022,6062.22
Asahan,2023,5445.47
Asahan,2024,5682.0
Asmat,2018,2827.77
Asmat,2019,2493.75
Asmat,2020,3028.75
Asmat,2021,4079.88
Asmat,2022,4154.83
Asmat,2023,3568.89
Asmat,2024,3636.0
Badung,2018,2732.16
Badung,2019,2814.34
Badung,2020,2848.75
Badung,2021,3435.11
Badung,2022,4234.44
Badung,2023,3709.37
Badung,2024,3581.0
Balangan,2018,3544.84
Balangan,2019,3555.49
Balangan,2020,3579.17
Balangan,2021,4007.83
Balangan,2022,5506.91
Balangan,2023,4380.42
Balangan,2024,4113.0
Bandung,2018,2520.23
Bandung,2019,2666.04
Bandung,2020,2637.95
Bandung,2021,3207.08
Bandung,2022,3837.13
Bandung,2023,3788.96
Bandung,2024,3482.0
Bandung Barat,2018,2348.14
Bandung Barat,2019,2270.2
Bandung Barat,2020,2405.3
Bandung Barat,2021,2764.28
Bandung Barat,2022,4273.49
Bandung Barat,2023,3491.13
Bandung Barat,2024,3178.0
Banggai,2018,3655.96
Banggai,2019,3267.13
Banggai,2020,3164.6
Banggai,2021,3830.5
Banggai,2022,5866.8
Banggai,2023,4478.81
Banggai,2024,4147.0
Banggai Kepulauan,2018,2918.72
Banggai Kepulauan,2019,2841.73
Banggai Kepulauan,2020,3000.46
Banggai Kepulauan,2021,3536.33
Banggai Kepulauan,2022,4736.55
Banggai Kepulauan,2023,3857.71
Banggai Kepulauan,2024,4316.0
Banggai Laut,2018,3774.12
Banggai Laut,2019,3218.26
Banggai Laut,2020,3060.06
Banggai Laut,2021,3286.47
Banggai Laut,2022,5680.65
Banggai Laut,2023,5554.12
Banggai Laut,2024,4397.0
Bangka,2018,2927.69
Bangka,2019,2691.08
Bangka,2020,2977.42
Bangka,2021,3123.62
Bangka,2022,3985.17
Bangka,2023,3717.15
Bangka,2024,3495.0
Bangka Barat,2018,3088.5
Bangka Barat,2019,2730.24
Bangka Barat,2020,2966.43
Bangka Barat,2021,3623.12
Bangka Barat,2022,4199.93
Bangka Barat,2023,3359.59
Bangka Barat,2024,2684.0
Bangka Selatan,2018,3105.99
Bangka Selatan,2019,2800.99
Bangka Selatan,2020,3129.01
Bangka Selatan,2021,3339.0
Bangka Selatan,2022,4690.18
Bangka Selatan,2023,3982.74
Bangka Selatan,2024,3888.0
Bangka Tengah,2018,2948.2
Bangka Tengah,2019,2973.26
Bangka Tengah,2020,3157.49
Bangka Tengah,2021,3472.82
Bangka Tengah,2022,4621.72
Bangka Tengah,2023,4162.07
Bangka Tengah,2024,3674.0
Bangkalan,2018,2676.28
Bangkalan,2019,2747.62
Bangkalan,2020,2859.85
Bangkalan,2021,2924.41
Bangkalan,2022,4490.96
Bangkalan,2023,3479.98
Bangkalan,2024,3553.0
Bangli,2018,3350.68
Bangli,2019,2992.38
Bangli,2020,3814.97
Bangli,2021,4041.61
Bangli,2022,4617.9
Bangli,2023,4661.57
Bangli,2024,3950.0
Banjar,2018,2884.09
Banjar,2019,2981.05
Banjar,2020,2984.41
Banjar,2021,3566.11
Banjar,2022,5087.02
Banjar,2023,3715.0
Banjar,2024,3954.0
Banjarnegara,2018,3020.03
Banjarnegara,2019,3206.13
Banjarnegara,2020,3406.24
Banjarnegara,2021,4046.64
Banjarnegara,2022,4975.29
Banjarnegara,2023,4417.01
Banjarnegara,2024,3906.0
Bantaeng,2018,2675.99
Bantaeng,2019,2457.93
Bantaeng,2020,3003.89
Bantaeng,2021,3326.53
Bantaeng,2022,5721.27
Bantaeng,2023,3831.08
Bantaeng,2024,3768.0
Bantul,2018,2340.64
Bantul,2019,2443.14
Bantul,2020,2678.89
Bantul,2021,3488.24
Bantul,2022,3938.53
Bantul,2023,4224.93
Bantul,2024,4166.0
Banyu Asin,2018,2801.37
Banyu Asin,2019,2840.04
Banyu Asin,2020,3102.52
Banyu Asin,2021,3721.93
Banyu Asin,2022,5363.77
Banyu Asin,2023,4295.1
Banyu Asin,2024,4225.0
Banyumas,2018,2909.59
Banyumas,2019,2627.03
Banyumas,2020,3099.24
Banyumas,2021,3436.3
Banyumas,2022,4803.88
Banyumas,2023,4224.86
Banyumas,2024,4403.0
Banyuwangi,2018,3750.94
Banyuwangi,2019,3436.0
Banyuwangi,2020,3741.67
Banyuwangi,2021,4196.58
Banyuwangi,2022,4518.65
Banyuwangi,2023,4698.27
Banyuwangi,2024,4830.0
Barito Kuala,2018,3105.0
Barito Kuala,2019,3108.06
Barito Kuala,2020,3457.16
Barito Kuala,2021,3815.29
Barito Kuala,2022,5331.87
Barito Kuala,2023,3827.78
Barito Kuala,2024,3997.0
Barito Selatan,2018,3456.82
Barito Selatan,2019,3587.85
Barito Selatan,2020,3510.81
Barito Selatan,2021,4033.17
Barito Selatan,2022,6678.67
Barito Selatan,2023,4457.2
Barito Selatan,2024,4619.0
Barito Timur,2018,3621.47
Barito Timur,2019,3465.87
Barito Timur,2020,3623.62
Barito Timur,2021,3978.82
Barito Timur,2022,6373.74
Barito Timur,2023,4391.38
Barito Timur,2024,4512.0
Barito Utara,2018,3252.16
Barito Utara,2019,2956.27
Barito Utara,2020,3640.41
Barito Utara,2021,3833.13
Barito Utara,2022,4879.29
Barito Utara,2023,4816.8
Barito Utara,2024,3941.0
Barru,2018,2780.87
Barru,2019,2096.7
Barru,2020,2811.38
Barru,2021,2990.05
Barru,2022,3803.96
Barru,2023,3382.1
Barru,2024,3372.0
Batang,2018,2563.22
Batang,2019,2514.3
Batang,2020,3023.49
Batang,2021,3251.85
Batang,2022,4152.42
Batang,2023,3473.34
Batang,2024,3404.0
Batang Hari,2018,3859.5
Batang Hari,2019,3772.91
Batang Hari,2020,4071.78
Batang Hari,2021,4043.12
Batang Hari,2022,6007.89
Batang Hari,2023,5237.76
Batang Hari,2024,4859.0
Batu Bara,2018,3828.73
Batu Bara,2019,3468.12
Batu Bara,2020,4210.53
Batu Bara,2021,4692.95
Batu Bara,2022,6452.37
Batu Bara,2023,5451.88
Batu Bara,2024,5156.0
Bekasi,2018,2760.32
Bekasi,2019,3257.54
Bekasi,2020,3082.41
Bekasi,2021,3904.74
Bekasi,2022,5048.38
Bekasi,2023,4067.48
Bekasi,2024,3951.0
Belitung,2018,3500.22
Belitung,2019,3284.41
Belitung,2020,4091.77
Belitung,2021,4763.08
Belitung,2022,5907.0
Belitung,2023,4750.55
Belitung,2024,4017.0
Belitung Timur,2018,3778.73
Belitung Timur,2019,3719.28
Belitung Timur,2020,4275.05
Belitung Timur,2021,4344.02
Belitung Timur,2022,5893.61
Belitung Timur,2023,5233.23
Belitung Timur,2024,4820.0
Belu,2018,2376.14
Belu,2019,2186.12
Belu,2020,2334.87
Belu,2021,2602.33
Belu,2022,3642.12
Belu,2023,3461.64
Belu,2024,3206.0
Bener Meriah,2018,3746.29
Bener Meriah,2019,3411.49
Bener Meriah,2020,4230.99
Bener Meriah,2021,4201.25
Bener Meriah,2022,5594.17
Bener Meriah,2023,4681.91
Bener Meriah,2024,5076.0
Bengkalis,2018,4211.02
Bengkalis,2019,4315.2
Bengkalis,2020,4874.07
Bengkalis,2021,5327.55
Bengkalis,2022,7529.03
Bengkalis,2023,6551.73
Bengkalis,2024,6878.0
Bengkayang,2018,2774.2
Bengkayang,2019,2532.03
Bengkayang,2020,2828.13
Bengkayang,2021,3259.74
Bengkayang,2022,4936.43
Bengkayang,2023,3592.34
Bengkayang,2024,3702.0
Bengkulu Selatan,2018,3934.63
Bengkulu Selatan,2019,3695.05
Bengkulu Selatan,2020,4477.75
Bengkulu Selatan,2021,4658.22
Bengkulu Selatan,2022,5843.89
Bengkulu Selatan,2023,4733.43
Bengkulu Selatan,2024,5218.0
Bengkulu Tengah,2018,4171.73
Bengkulu Tengah,2019,3996.07
Bengkulu Tengah,2020,4177.28
Bengkulu Tengah,2021,4234.41
Bengkulu Tengah,2022,5626.19
Bengkulu Tengah,2023,5617.03
Bengkulu Tengah,2024,5121.0
Bengkulu Utara,2018,4043.14
Bengkulu Utara,2019,3955.7
Bengkulu Utara,2020,3787.48
Bengkulu Utara,2021,4464.42
Bengkulu Utara,2022,5644.81
Bengkulu Utara,2023,5094.27
Bengkulu Utara,2024,4785.0
Berau,2018,3926.04
Berau,2019,3992.84
Berau,2020,4104.13
Berau,2021,4242.11
Berau,2022,6751.43
Berau,2023,5029.93
Berau,2024,4713.0
Biak Numfor,2018,3297.04
Biak Numfor,2019,3764.36
Biak Numfor,2020,4733.65
Biak Numfor,2021,4189.65
Biak Numfor,2022,4738.81
Biak Numfor,2023,3966.51
Biak Numfor,2024,6171.0
Bima,2018,2379.85
Bima,2019,2283.12
Bima,2020,2140.39
Bima,2021,2294.71
Bima,2022,2966.35
Bima,2023,3064.13
Bima,2024,2736.0
Bintan,2018,4039.21
Bintan,2019,3520.92
Bintan,2020,3442.88
Bintan,2021,4043.62
Bintan,2022,6323.41
Bintan,2023,4740.84
Bintan,2024,5051.0
Bireuen,2018,2629.28
Bireuen,2019,2602.01
Bireuen,2020,2694.07
Bireuen,2021,3528.16
Bireuen,2022,4426.94
Bireuen,2023,3700.32
Bireuen,2024,3826.0
Blitar,2018,3376.15
Blitar,2019,3659.93
Blitar,2020,3705.93
Blitar,2021,4683.23
Blitar,2022,4981.38
Blitar,2023,5030.78
Blitar,2024,4850.0
Blora,2018,3147.88
Blora,2019,3283.32
Blora,2020,3165.96
Blora,2021,3568.88
Blora,2022,4485.67
Blora,2023,3681.61
Blora,2024,3475.0
Boalemo,2018,2862.33
Boalemo,2019,2623.13
Boalemo,2020,3297.28
Boalemo,2021,4058.49
Boalemo,2022,5611.34
Boalemo,2023,4981.67
Boalemo,2024,5757.0
Bogor,2018,3325.51
Bogor,2019,3545.72
Bogor,2020,3240.69
Bogor,2021,3854.19
Bogor,2022,4896.33
Bogor,2023,3511.38
Bogor,2024,3387.0
Bojonegoro,2018,3272.92
Bojonegoro,2019,3744.59
Bojonegoro,2020,3761.46
Bojonegoro,2021,4493.17
Bojonegoro,2022,5545.71
Bojonegoro,2023,5068.15
Bojonegoro,2024,4521.0
Bolaang Mongondow,2018,2924.69
Bolaang Mongondow,2019,3005.82
Bolaang Mongondow,2020,3116.95
Bolaang Mongondow,2021,4158.17
Bolaang Mongondow,2022,5932.35
Bolaang Mongondow,2023,5334.23
Bolaang Mongondow,2024,5096.0
Bolaang Mongondow Selatan,2018,3024.96
Bolaang Mongondow Selatan,2019,2847.4
Bolaang Mongondow Selatan,2020,3066.39
Bolaang Mongondow Selatan,2021,3920.9
Bolaang Mongondow Selatan,2022,5873.45
Bolaang Mongondow Selatan,2023,5241.17
Bolaang Mongondow Selatan,2024,5232.0
Bolaang Mongondow Timur,2018,3499.26
Bolaang Mongondow Timur,2019,2953.14
Bolaang Mongondow Timur,2020,3363.81
Bolaang Mongondow Timur,2021,4144.49
Bolaang Mongondow Timur,2022,6295.43
Bolaang Mongondow Timur,2023,5578.64
Bolaang Mongondow Timur,2024,4426.0
Bolaang Mongondow Utara,2018,2802.46
Bolaang Mongondow Utara,2019,2592.75
Bolaang Mongondow Utara,2020,2882.06
Bolaang Mongondow Utara,2021,3952.16
Bolaang Mongondow Utara,2022,4943.94
Bolaang Mongondow Utara,2023,4009.16
Bolaang Mongondow Utara,2024,4232.0
Bombana,2018,2891.73
Bombana,2019,2312.68
Bombana,2020,2530.53
Bombana,2021,2850.12
Bombana,2022,4217.82
Bombana,2023,3552.95
Bombana,2024,3307.0
Bondowoso,2018,2439.56
Bondowoso,2019,2555.92
Bondowoso,2020,3019.1
Bondowoso,2021,3300.59
Bondowoso,2022,4258.54
Bondowoso,2023,3949.19
Bondowoso,2024,3968.0
Bone,2018,1881.39
Bone,2019,2145.84
Bone,2020,2084.94
Bone,2021,2551.56
Bone,2022,3498.48
Bone,2023,3292.14
Bone,2024,3182.0
Bone Bolango,2018,3119.37
Bone Bolango,2019,2530.68
Bone Bolango,2020,3168.4
Bone Bolango,2021,3676.05
Bone Bolango,2022,4613.75
Bone Bolango,2023,4575.15
Bone Bolango,2024,5510.0
Boven Digoel,2018,4686.83
Boven Digoel,2019,5109.95
Boven Digoel,2020,4635.09
Boven Digoel,2021,4357.79
Boven Digoel,2022,5486.74
Boven Digoel,2023,5127.17
Boven Digoel,2024,5592.0
Boyolali,2018,3009.87
Boyolali,2019,2779.41
Boyolali,2020,3000.12
Boyolali,2021,3612.01
Boyolali,2022,4157.86
Boyolali,2023,3766.88
Boyolali,2024,4088.0
Brebes,2018,2138.07
Brebes,2019,1914.98
Brebes,2020,2060.63
Brebes,2021,2534.14
Brebes,2022,3492.15
Brebes,2023,3179.15
Brebes,2024,2993.0
Buleleng,2018,2955.61
Buleleng,2019,2764.93
Buleleng,2020,3057.61
Buleleng,2021,3249.82
Buleleng,2022,3830.46
Buleleng,2023,3193.03
Buleleng,2024,3269.0
Bulukumba,2018,3002.89
Bulukumba,2019,2465.42
Bulukumba,2020,3283.36
Bulukumba,2021,3563.38
Bulukumba,2022,4829.57
Bulukumba,2023,4270.37
Bulukumba,2024,3705.0
Bulungan,2018,3707.21
Bulungan,2019,3418.08
Bulungan,2020,3821.86
Bulungan,2021,3965.75
Bulungan,2022,5078.32
Bulungan,2023,4111.27
Bulungan,2024,4885.0
Bungo,2018,4344.12
Bungo,2019,4254.73
Bungo,2020,4131.84
Bungo,2021,4614.79
Bungo,2022,6869.51
Bungo,2023,5555.83
Bungo,2024,5755.0
Buol,2018,2763.69
Buol,2019,2968.87
Buol,2020,2787.31
Buol,2021,3089.32
Buol,2022,3889.39
Buol,2023,3590.61
Buol,2024,2996.0
Buru,2018,3701.21
Buru,2019,4013.95
Buru,2020,3547.9
Buru,2021,4082.71
Buru,2022,5022.6
Buru,2023,4982.15
Buru,2024,4867.0
Buru Selatan,2018,3465.13
Buru Selatan,2019,3261.84
Buru Selatan,2020,3642.85
Buru Selatan,2021,3863.69
Buru Selatan,2022,4560.42
Buru Selatan,2023,5195.99
Buru Selatan,2024,4622.0
Buton,2018,1866.28
Buton,2019,1648.72
Buton,2020,2276.22
Buton,2021,2322.26
Buton,2022,3388.8
Buton,2023,3086.6
Buton,2024,3062.0
Buton Selatan,2018,1237.26
Buton Selatan,2019,1587.97
Buton Selatan,2020,2138.28
Buton Selatan,2021,2004.08
Buton Selatan,2022,2645.84
Buton Selatan,2023,2870.82
Buton Selatan,2024,2120.0
Buton Tengah,2018,1899.96
Buton Tengah,2019,2202.45
Buton Tengah,2020,1928.5
Buton Tengah,2021,2172.67
Buton Tengah,2022,3445.48
Buton Tengah,2023,2603.47
Buton Tengah,2024,1966.0
Buton Utara,2018,2254.9
Buton Utara,2019,1991.92
Buton Utara,2020,2826.32
Buton Utara,2021,3336.51
Buton Utara,2022,3990.64
Buton Utara,2023,3686.62
Buton Utara,2024,3222.0
Ciamis,2018,2425.84
Ciamis,2019,2340.97
Ciamis,2020,2439.01
Ciamis,2021,2877.35
Ciamis,2022,4380.72
Ciamis,2023,3554.74
Ciamis,2024,3502.0
Cianjur,2018,2275.32
Cianjur,2019,2188.14
Cianjur,2020,2372.22
Cianjur,2021,3053.41
Cianjur,2022,3313.02
Cianjur,2023,3221.33
Cianjur,2024,3373.0
Cilacap,2018,2994.61
Cilacap,2019,2648.7
Cilacap,2020,2701.82
Cilacap,2021,3289.19
Cilacap,2022,4753.7
Cilacap,2023,4363.51
Cilacap,2024,3933.0
Cirebon,2018,2356.21
Cirebon,2019,2425.14
Cirebon,2020,2407.38
Cirebon,2021,2553.98
Cirebon,2022,3709.7
Cirebon,2023,3379.27
Cirebon,2024,3300.0
Dairi,2018,3736.77
Dairi,2019,3833.19
Dairi,2020,3914.76
Dairi,2021,4023.43
Dairi,2022,4965.84
Dairi,2023,4412.8
Dairi,2024,4321.0
Deiyai,2018,4080.16
Deiyai,2019,3212.93
Deiyai,2020,7118.9
Deiyai,2021,4634.17
Deiyai,2022,5213.08
Deiyai,2023,6609.51
Deiyai,2024,3273.0
Deli Serdang,2018,4118.66
Deli Serdang,2019,4412.91
Deli Serdang,2020,4503.29
Deli Serdang,2021,4603.04
Deli Serdang,2022,7136.95
Deli Serdang,2023,5604.53
Deli Serdang,2024,5471.0
Demak,2018,2994.19
Demak,2019,3118.96
Demak,2020,3216.4
Demak,2021,3517.24
Demak,2022,4495.55
Demak,2023,4279.94
Demak,2024,3624.0
Dharmasraya,2018,4948.31
Dharmasraya,2019,4700.81
Dharmasraya,2020,5014.55
Dharmasraya,2021,5562.49
Dharmasraya,2022,7537.44
Dharmasraya,2023,5938.82
Dharmasraya,2024,6320.0
Dogiyai,2018,3440.33
Dogiyai,2019,2910.25
Dogiyai,2020,2696.51
Dogiyai,2021,2881.34
Dogiyai,2022,3340.94
Dogiyai,2023,6694.62
Dogiyai,2024,5730.0
Dompu,2018,2017.71
Dompu,2019,1678.81
Dompu,2020,1970.8
Dompu,2021,2458.19
Dompu,2022,3294.39
Dompu,2023,2895.98
Dompu,2024,3411.0
Donggala,2018,2784.93
Donggala,2019,2869.22
Donggala,2020,3120.7
Donggala,2021,3312.05
Donggala,2022,4458.28
Donggala,2023,3825.01
Donggala,2024,3614.0
Empat Lawang,2018,3228.87
Empat Lawang,2019,2812.22
Empat Lawang,2020,3237.74
Empat Lawang,2021,3131.35
Empat Lawang,2022,4694.78
Empat Lawang,2023,4286.9
Empat Lawang,2024,3381.0
Ende,2018,2999.3
Ende,2019,2956.99
Ende,2020,2981.33
Ende,2021,3188.47
Ende,2022,4332.77
Ende,2023,4427.08
Ende,2024,3639.0
Enrekang,2018,2201.63
Enrekang,2019,1908.0
Enrekang,2020,2428.81
Enrekang,2021,2778.55
Enrekang,2022,3669.45
Enrekang,2023,4291.91
Enrekang,2024,3962.0
Fakfak,2018,3770.55
Fakfak,2019,4081.6
Fakfak,2020,4735.31
Fakfak,2021,5164.82
Fakfak,2022,5974.26
Fakfak,2023,4406.61
Fakfak,2024,5311.0
Flores Timur,2018,2834.18
Flores Timur,2019,3306.15
Flores Timur,2020,3186.7
Flores Timur,2021,2949.45
Flores Timur,2022,4246.37
Flores Timur,2023,3797.71
Flores Timur,2024,3924.0
Garut,2018,3356.3
Garut,2019,2832.59
Garut,2020,3455.39
Garut,2021,3531.56
Garut,2022,3923.75
Garut,2023,3623.65
Garut,2024,3606.0
Gayo Lues,2018,3900.08
Gayo Lues,2019,4301.81
Gayo Lues,2020,4391.22
Gayo Lues,2021,5197.61
Gayo Lues,2022,5382.19
Gayo Lues,2023,4117.55
Gayo Lues,2024,4820.0
Gianyar,2018,2507.65
Gianyar,2019,2661.48
Gianyar,2020,2958.19
Gianyar,2021,3790.32
Gianyar,2022,4586.26
Gianyar,2023,3820.57
Gianyar,2024,4063.0
Gorontalo,2018,2481.17
Gorontalo,2019,2221.1
Gorontalo,2020,2402.69
Gorontalo,2021,3512.27
Gorontalo,2022,4714.12
Gorontalo,2023,4713.78
Gorontalo,2024,4687.0
Gorontalo Utara,2018,2562.9
Gorontalo Utara,2019,2583.93
Gorontalo Utara,2020,2826.87
Gorontalo Utara,2021,4340.35
Gorontalo Utara,2022,5228.84
Gorontalo Utara,2023,5675.88
Gorontalo Utara,2024,5023.0
Gowa,2018,2477.18
Gowa,2019,2029.38
Gowa,2020,2686.13
Gowa,2021,3362.93
Gowa,2022,3906.71
Gowa,2023,3468.72
Gowa,2024,3482.0
Gresik,2018,2788.76
Gresik,2019,3030.91
Gresik,2020,2958.65
Gresik,2021,3618.4
Gresik,2022,5209.51
Gresik,2023,4222.09
Gresik,2024,4404.0
Grobogan,2018,2925.57
Grobogan,2019,2731.86
Grobogan,2020,2800.71
Grobogan,2021,3210.41
Grobogan,2022,4821.84
Grobogan,2023,4276.88
Grobogan,2024,4338.0
Gunung Kidul,2018,3590.96
Gunung Kidul,2019,3247.21
Gunung Kidul,2020,4049.4
Gunung Kidul,2021,4744.37
Gunung Kidul,2022,5025.63
Gunung Kidul,2023,5212.7
Gunung Kidul,2024,4377.0
Gunung Mas,2018,2527.71
Gunung Mas,2019,3233.55
Gunung Mas,2020,2916.03
Gunung Mas,2021,3209.51
Gunung Mas,2022,4525.19
Gunung Mas,2023,4361.65
Gunung Mas,2024,3969.0
Halmahera Barat,2018,4674.61
Halmahera Barat,2019,3614.78
Halmahera Barat,2020,4376.9
Halmahera Barat,2021,4393.59
Halmahera Barat,2022,6232.12
Halmahera Barat,2023,6651.15
Halmahera Barat,2024,5601.0
Halmahera Selatan,2018,4251.86
Halmahera Selatan,2019,4016.94
Halmahera Selatan,2020,4105.1
Halmahera Selatan,2021,4277.28
Halmahera Selatan,2022,6488.33
Halmahera Selatan,2023,6870.76
Halmahera Selatan,2024,5984.0
Halmahera Tengah,2018,4355.36
Halmahera Tengah,2019,4031.68
Halmahera Tengah,2020,4070.92
Halmahera Tengah,2021,3765.02
Halmahera Tengah,2022,5144.09
Halmahera Tengah,2023,6640.65
Halmahera Tengah,2024,6059.0
Halmahera Timur,2018,4609.18
Halmahera Timur,2019,3975.95
Halmahera Timur,2020,4298.05
Halmahera Timur,2021,5076.03
Halmahera Timur,2022,7084.84
Halmahera Timur,2023,6208.75
Halmahera Timur,2024,6062.0
Halmahera Utara,2018,4186.48
Halmahera Utara,2019,3986.37
Halmahera Utara,2020,3765.89
Halmahera Utara,2021,5102.76
Halmahera Utara,2022,6195.74
Halmahera Utara,2023,6183.38
Halmahera Utara,2024,6548.0
Hulu Sungai Selatan,2018,3095.5
Hulu Sungai Selatan,2019,3160.49
Hulu Sungai Selatan,2020,3079.63
Hulu Sungai Selatan,2021,3322.56
Hulu Sungai Selatan,2022,4785.81
Hulu Sungai Selatan,2023,3577.53
Hulu Sungai Selatan,2024,3758.0
Hulu Sungai Tengah,2018,2988.93
Hulu Sungai Tengah,2019,2937.46
Hulu Sungai Tengah,2020,3079.91
Hulu Sungai Tengah,2021,3427.12
Hulu Sungai Tengah,2022,4266.81
Hulu Sungai Tengah,2023,4110.47
Hulu Sungai Tengah,2024,3829.0
Hulu Sungai Utara,2018,2898.75
Hulu Sungai Utara,2019,2541.82
Hulu Sungai Utara,2020,2816.89
Hulu Sungai Utara,2021,3343.88
Hulu Sungai Utara,2022,5283.1
Hulu Sungai Utara,2023,3603.8
Hulu Sungai Utara,2024,3701.0
Humbang Hasundutan,2018,3814.05
Humbang Hasundutan,2019,3753.99
Humbang Hasundutan,2020,4039.42
Humbang Hasundutan,2021,4471.96
Humbang Hasundutan,2022,6193.84
Humbang Hasundutan,2023,5388.9
Humbang Hasundutan,2024,4966.0
Indragiri Hilir,2018,4123.21
Indragiri Hilir,2019,3660.07
Indragiri Hilir,2020,4133.01
Indragiri Hilir,2021,4566.9
Indragiri Hilir,2022,6539.0
Indragiri Hilir,2023,5466.99
Indragiri Hilir,2024,5165.0
Indragiri Hulu,2018,4398.27
Indragiri Hulu,2019,3884.07
Indragiri Hulu,2020,3992.89
Indragiri Hulu,2021,4698.95
Indragiri Hulu,2022,6608.88
Indragiri Hulu,2023,5914.86
Indragiri Hulu,2024,5795.0
Indramayu,2018,2333.68
Indramayu,2019,2481.88
Indramayu,2020,2717.16
Indramayu,2021,3069.1
Indramayu,2022,4245.64
Indramayu,2023,4038.7
Indramayu,2024,3209.0
Intan Jaya,2018,7815.03
Intan Jaya,2019,6330.83
Intan Jaya,2020,8758.94
Intan Jaya,2021,9879.52
Intan Jaya,2022,8286.24
Intan Jaya,2023,19302.17
Intan Jaya,2024,6618.0
Jayapura,2018,3833.76
Jayapura,2019,3707.28
Jayapura,2020,3897.04
Jayapura,2021,4874.69
Jayapura,2022,6461.53
Jayapura,2023,6867.39
Jayapura,2024,4920.0
Jayawijaya,2018,4803.22
Jayawijaya,2019,5586.82
Jayawijaya,2020,7482.98
Jayawijaya,2021,6162.31
Jayawijaya,2022,8430.93
Jayawijaya,2023,7861.76
Jayawijaya,2024,7643.0
Jember,2018,3140.08
Jember,2019,2981.05
Jember,2020,3272.75
Jember,2021,3984.5
Jember,2022,4973.21
Jember,2023,4740.0
Jember,2024,4610.0
Jembrana,2018,2675.33
Jembrana,2019,3110.69
Jembrana,2020,3150.3
Jembrana,2021,3869.68
Jembrana,2022,3417.01
Jembrana,2023,3534.96
Jembrana,2024,3278.0
Jeneponto,2018,2037.59
Jeneponto,2019,2058.45
Jeneponto,2020,2756.51
Jeneponto,2021,2971.86
Jeneponto,2022,3892.09
Jeneponto,2023,3315.65
Jeneponto,2024,3102.0
Jepara,2018,2910.97
Jepara,2019,2724.49
Jepara,2020,2343.27
Jepara,2021,3146.85
Jepara,2022,4520.96
Jepara,2023,3265.3
Jepara,2024,3928.0
Jombang,2018,2801.72
Jombang,2019,2905.09
Jombang,2020,3229.92
Jombang,2021,3867.53
Jombang,2022,4975.51
Jombang,2023,4010.07
Jombang,2024,4456.0
Kaimana,2018,4909.77
Kaimana,2019,3899.91
Kaimana,2020,4595.26
Kaimana,2021,4881.34
Kaimana,2022,6832.19
Kaimana,2023,5823.57
Kaimana,2024,5632.0
Kampar,2018,4540.36
Kampar,2019,4157.37
Kampar,2020,4946.82
Kampar,2021,5472.7
Kampar,2022,8343.78
Kampar,2023,5927.4
Kampar,2024,5676.0
Kapuas,2018,2879.0
Kapuas,2019,2836.45
Kapuas,2020,3140.68
Kapuas,2021,3575.48
Kapuas,2022,6057.96
Kapuas,2023,4312.62
Kapuas,2024,3849.0
Kapuas Hulu,2018,2702.71
Kapuas Hulu,2019,2750.58
Kapuas Hulu,2020,2835.01
Kapuas Hulu,2021,2942.57
Kapuas Hulu,2022,6259.62
Kapuas Hulu,2023,4066.99
Kapuas Hulu,2024,3963.0
Karanganyar,2018,3158.87
Karanganyar,2019,3059.47
Karanganyar,2020,3297.8
Karanganyar,2021,3692.9
Karanganyar,2022,4653.94
Karanganyar,2023,5497.94
Karanganyar,2024,4180.0
Karangasem,2018,2511.11
Karangasem,2019,2500.58
Karangasem,2020,2840.27
Karangasem,2021,3070.2
Karangasem,2022,3282.44
Karangasem,2023,3138.36
Karangasem,2024,3003.0
Karawang,2018,2664.03
Karawang,2019,2187.84
Karawang,2020,2407.84
Karawang,2021,2936.79
Karawang,2022,3851.58
Karawang,2023,3145.17
Karawang,2024,2925.0
Karimun,2018,3838.74
Karimun,2019,3438.48
Karimun,2020,3604.4
Karimun,2021,4020.01
Karimun,2022,5511.51
Karimun,2023,4592.87
Karimun,2024,5449.0
Karo,2018,5518.04
Karo,2019,5178.59
Karo,2020,5391.7
Karo,2021,6058.27
Karo,2022,8462.86
Karo,2023,6697.3
Karo,2024,6754.0
Katingan,2018,3581.93
Katingan,2019,3522.84
Katingan,2020,3717.98
Katingan,2021,4172.83
Katingan,2022,5305.27
Katingan,2023,5171.21
Katingan,2024,4863.0
Kaur,2018,4042.73
Kaur,2019,4163.03
Kaur,2020,4651.86
Kaur,2021,4767.34
Kaur,2022,6236.97
Kaur,2023,5281.27
Kaur,2024,5116.0
Kayong Utara,2018,3934.48
Kayong Utara,2019,3733.06
Kayong Utara,2020,3849.81
Kayong Utara,2021,3786.76
Kayong Utara,2022,5160.91
Kayong Utara,2023,4634.47
Kayong Utara,2024,4093.0
Kebumen,2018,3035.11
Kebumen,2019,2920.33
Kebumen,2020,3239.16
Kebumen,2021,3719.83
Kebumen,2022,4511.54
Kebumen,2023,3841.72
Kebumen,2024,3765.0
Kediri,2018,3494.65
Kediri,2019,3097.81
Kediri,2020,3285.66
Kediri,2021,3910.12
Kediri,2022,5527.66
Kediri,2023,4751.99
Kediri,2024,4666.0
Keerom,2018,3267.04
Keerom,2019,2945.42
Keerom,2020,3486.99
Keerom,2021,4010.61
Keerom,2022,5505.8
Keerom,2023,4061.47
Keerom,2024,5582.0
Kendal,2018,2556.55
Kendal,2019,2670.96
Kendal,2020,2895.06
Kendal,2021,3134.12
Kendal,2022,4023.12
Kendal,2023,3963.44
Kendal,2024,4107.0
Kep. Seribu,2018,4136.88
Kep. Seribu,2019,3733.43
Kep. Seribu,2020,3960.79
Kep. Seribu,2021,4288.76
Kep. Seribu,2022,6253.89
Kep. Seribu,2023,4674.99
Kep. Seribu,2024,4823.0
Kepahiang,2018,3716.99
Kepahiang,2019,3416.3
Kepahiang,2020,3637.85
Kepahiang,2021,4176.9
Kepahiang,2022,5325.77
Kepahiang,2023,5336.18
Kepahiang,2024,4729.0
Kepulauan Anambas,2018,6392.81
Kepulauan Anambas,2019,6239.15
Kepulauan Anambas,2020,5383.09
Kepulauan Anambas,2021,5960.61
Kepulauan Anambas,2022,8562.03
Kepulauan Anambas,2023,7691.94
Kepulauan Anambas,2024,7197.0
Kepulauan Aru,2018,3253.32
Kepulauan Aru,2019,3009.91
Kepulauan Aru,2020,3332.66
Kepulauan Aru,2021,3783.63
Kepulauan Aru,2022,4220.88
Kepulauan Aru,2023,4881.92
Kepulauan Aru,2024,4587.0
Kepulauan Mentawai,2018,4442.37
Kepulauan Mentawai,2019,4329.15
Kepulauan Mentawai,2020,4701.78
Kepulauan Mentawai,2021,5230.27
Kepulauan Mentawai,2022,6094.63
Kepulauan Mentawai,2023,5890.83
Kepulauan Mentawai,2024,6073.0
Kepulauan Meranti,2018,4000.93
Kepulauan Meranti,2019,3624.15
Kepulauan Meranti,2020,4348.99
Kepulauan Meranti,2021,4812.31
Kepulauan Meranti,2022,5558.84
Kepulauan Meranti,2023,5582.75
Kepulauan Meranti,2024,5434.0
Kepulauan Sangihe,2018,3962.43
Kepulauan Sangihe,2019,3414.38
Kepulauan Sangihe,2020,3534.9
Kepulauan Sangihe,2021,3922.77
Kepulauan Sangihe,2022,5379.78
Kepulauan Sangihe,2023,4198.48
Kepulauan Sangihe,2024,3559.0
Kepulauan Selayar,2018,3485.88
Kepulauan Selayar,2019,3174.12
Kepulauan Selayar,2020,3276.25
Kepulauan Selayar,2021,3805.34
Kepulauan Selayar,2022,5049.88
Kepulauan Selayar,2023,4779.12
Kepulauan Selayar,2024,4224.0
Kepulauan Sula,2018,3255.48
Kepulauan Sula,2019,2906.22
Kepulauan Sula,2020,3187.85
Kepulauan Sula,2021,3599.93
Kepulauan Sula,2022,5574.56
Kepulauan Sula,2023,4860.41
Kepulauan Sula,2024,4978.0
Kepulauan Talaud,2018,3793.54
Kepulauan Talaud,2019,3528.74
Kepulauan Talaud,2020,3479.88
Kepulauan Talaud,2021,4864.67
Kepulauan Talaud,2022,5494.49
Kepulauan Talaud,2023,6075.08
Kepulauan Talaud,2024,6689.0
Kepulauan Yapen,2018,4388.89
Kepulauan Yapen,2019,4287.48
Kepulauan Yapen,2020,5111.39
Kepulauan Yapen,2021,6139.99
Kepulauan Yapen,2022,7291.65
Kepulauan Yapen,2023,6553.61
Kepulauan Yapen,2024,5394.0
Kerinci,2018,5142.17
Kerinci,2019,5217.97
Kerinci,2020,5839.14
Kerinci,2021,5880.96
Kerinci,2022,9141.05
Kerinci,2023,7531.08
Kerinci,2024,7313.0
Ketapang,2018,3330.61
Ketapang,2019,2974.38
Ketapang,2020,3197.41
Ketapang,2021,3438.08
Ketapang,2022,5099.72
Ketapang,2023,4190.9
Ketapang,2024,3835.0
Klaten,2018,2621.88
Klaten,2019,2588.88
Klaten,2020,3069.3
Klaten,2021,3564.48
Klaten,2022,3966.33
Klaten,2023,3372.64
Klaten,2024,3713.0
Klungkung,2018,3159.65
Klungkung,2019,2617.05
Klungkung,2020,3010.63
Klungkung,2021,3073.08
Klungkung,2022,4077.64
Klungkung,2023,4127.33
Klungkung,2024,3929.0
Kolaka,2018,2546.08
Kolaka,2019,2435.22
Kolaka,2020,2804.79
Kolaka,2021,2474.71
Kolaka,2022,4207.19
Kolaka,2023,3984.14
Kolaka,2024,3897.0
Kolaka Timur,2018,2808.46
Kolaka Timur,2019,2310.91
Kolaka Timur,2020,3334.67
Kolaka Timur,2021,3518.41
Kolaka Timur,2022,4454.04
Kolaka Timur,2023,3283.73
Kolaka Timur,2024,3546.0
Kolaka Utara,2018,2601.15
Kolaka Utara,2019,2728.11
Kolaka Utara,2020,2907.51
Kolaka Utara,2021,3375.0
Kolaka Utara,2022,3883.61
Kolaka Utara,2023,3403.0
Kolaka Utara,2024,3132.0
Konawe,2018,2319.33
Konawe,2019,2260.49
Konawe,2020,2152.64
Konawe,2021,2164.76
Konawe,2022,3746.06
Konawe,2023,3674.67
Konawe,2024,3383.0
Konawe Kepulauan,2018,2046.18
Konawe Kepulauan,2019,1790.67
Konawe Kepulauan,2020,1816.88
Konawe Kepulauan,2021,2484.1
Konawe Kepulauan,2022,3479.87
Konawe Kepulauan,2023,3391.51
Konawe Kepulauan,2024,2531.0
Konawe Selatan,2018,2276.26
Konawe Selatan,2019,2305.63
Konawe Selatan,2020,2535.51
Konawe Selatan,2021,2901.55
Konawe Selatan,2022,3336.77
Konawe Selatan,2023,2730.54
Konawe Selatan,2024,2916.0
Konawe Utara,2018,2177.2
Konawe Utara,2019,2479.58
Konawe Utara,2020,2629.96
Konawe Utara,2021,2902.93
Konawe Utara,2022,4511.31
Konawe Utara,2023,3442.4
Konawe Utara,2024,3446.0
Kota Ambon,2018,3709.23
Kota Ambon,2019,3334.18
Kota Ambon,2020,3263.47
Kota Ambon,2021,3869.65
Kota Ambon,2022,5514.15
Kota Ambon,2023,3681.09
Kota Ambon,2024,4731.0
Kota Balikpapan,2018,3703.31
Kota Balikpapan,2019,3229.21
Kota Balikpapan,2020,3435.17
Kota Balikpapan,2021,3975.14
Kota Balikpapan,2022,5593.7
Kota Balikpapan,2023,4995.8
Kota Balikpapan,2024,4599.0
Kota Banda Aceh,2018,3606.67
Kota Banda Aceh,2019,3282.58
Kota Banda Aceh,2020,3242.54
Kota Banda Aceh,2021,3927.88
Kota Banda Aceh,2022,5722.19
Kota Banda Aceh,2023,4614.65
Kota Banda Aceh,2024,4560.0
Kota Bandar Lampung,2018,3452.2
Kota Bandar Lampung,2019,3296.64
Kota Bandar Lampung,2020,3430.18
Kota Bandar Lampung,2021,3892.93
Kota Bandar Lampung,2022,5264.66
Kota Bandar Lampung,2023,4679.58
Kota Bandar Lampung,2024,4221.0
Kota Bandung,2018,2871.4
Kota Bandung,2019,3241.31
Kota Bandung,2020,3406.2
Kota Bandung,2021,3810.59
Kota Bandung,2022,4880.37
Kota Bandung,2023,4642.71
Kota Bandung,2024,4519.0
Kota Banjar,2018,3226.29
Kota Banjar,2019,2428.29
Kota Banjar,2020,2449.79
Kota Banjar,2021,2575.49
Kota Banjar,2022,3744.01
Kota Banjar,2023,3598.2
Kota Banjar,2024,3172.0
Kota Banjar Baru,2018,3312.45
Kota Banjar Baru,2019,3093.85
Kota Banjar Baru,2020,3536.97
Kota Banjar Baru,2021,3943.86
Kota Banjar Baru,2022,5770.81
Kota Banjar Baru,2023,4250.7
Kota Banjar Baru,2024,4328.0
Kota Banjarmasin,2018,2903.62
Kota Banjarmasin,2019,2671.11
Kota Banjarmasin,2020,2995.25
Kota Banjarmasin,2021,3461.31
Kota Banjarmasin,2022,5276.89
Kota Banjarmasin,2023,3211.66
Kota Banjarmasin,2024,3456.0
Kota Baru,2018,4268.55
Kota Baru,2019,3867.58
Kota Baru,2020,3929.01
Kota Baru,2021,4506.02
Kota Baru,2022,6334.91
Kota Baru,2023,4811.35
Kota Baru,2024,5130.0
Kota Batam,2018,3812.95
Kota Batam,2019,3560.1
Kota Batam,2020,3812.06
Kota Batam,2021,4263.65
Kota Batam,2022,5808.51
Kota Batam,2023,4380.39
Kota Batam,2024,4714.0
Kota Batu,2018,3245.36
Kota Batu,2019,2997.4
Kota Batu,2020,3153.52
Kota Batu,2021,3607.14
Kota Batu,2022,4759.5
Kota Batu,2023,4511.69
Kota Batu,2024,3948.0
Kota Baubau,2018,1897.55
Kota Baubau,2019,1777.78
Kota Baubau,2020,2023.35
Kota Baubau,2021,2554.65
Kota Baubau,2022,3832.55
Kota Baubau,2023,2360.29
Kota Baubau,2024,2323.0
Kota Bekasi,2018,3224.29
Kota Bekasi,2019,3723.49
Kota Bekasi,2020,3647.28
Kota Bekasi,2021,4164.3
Kota Bekasi,2022,6010.58
Kota Bekasi,2023,5530.15
Kota Bekasi,2024,5652.0
Kota Bengkulu,2018,3967.82
Kota Bengkulu,2019,3583.42
Kota Bengkulu,2020,3867.41
Kota Bengkulu,2021,4122.32
Kota Bengkulu,2022,5378.43
Kota Bengkulu,2023,5336.01
Kota Bengkulu,2024,5108.0
Kota Bima,2018,2460.81
Kota Bima,2019,2172.88
Kota Bima,2020,2641.97
Kota Bima,2021,2766.02
Kota Bima,2022,3250.92
Kota Bima,2023,2998.9
Kota Bima,2024,2884.0
Kota Binjai,2018,3847.15
Kota Binjai,2019,4438.8
Kota Binjai,2020,4539.36
Kota Binjai,2021,4603.84
Kota Binjai,2022,6527.51
Kota Binjai,2023,5672.27
Kota Binjai,2024,5872.0
Kota Bitung,2018,3218.14
Kota Bitung,2019,3053.2
Kota Bitung,2020,3177.84
Kota Bitung,2021,4458.02
Kota Bitung,2022,5834.39
Kota Bitung,2023,5447.4
Kota Bitung,2024,4435.0
Kota Blitar,2018,3175.34
Kota Blitar,2019,2708.28
Kota Blitar,2020,3221.71
Kota Blitar,2021,3951.06
Kota Blitar,2022,4493.66
Kota Blitar,2023,3806.77
Kota Blitar,2024,3788.0
Kota Bogor,2018,3250.97
Kota Bogor,2019,3455.1
Kota Bogor,2020,3378.6
Kota Bogor,2021,4094.77
Kota Bogor,2022,4691.44
Kota Bogor,2023,4793.24
Kota Bogor,2024,4447.0
Kota Bontang,2018,3363.25
Kota Bontang,2019,3381.07
Kota Bontang,2020,3282.02
Kota Bontang,2021,4100.46
Kota Bontang,2022,4400.08
Kota Bontang,2023,3929.48
Kota Bontang,2024,4338.0
Kota Bukittinggi,2018,3802.89
Kota Bukittinggi,2019,3686.62
Kota Bukittinggi,2020,4119.75
Kota Bukittinggi,2021,5029.54
Kota Bukittinggi,2022,5954.32
Kota Bukittinggi,2023,5040.44
Kota Bukittinggi,2024,5414.0
Kota Cilegon,2018,3316.46
Kota Cilegon,2019,3341.98
Kota Cilegon,2020,3345.44
Kota Cilegon,2021,4135.64
Kota Cilegon,2022,5257.86
Kota Cilegon,2023,4183.22
Kota Cilegon,2024,4322.0
Kota Cimahi,2018,2939.86
Kota Cimahi,2019,3001.63
Kota Cimahi,2020,3218.33
Kota Cimahi,2021,3253.68
Kota Cimahi,2022,4845.38
Kota Cimahi,2023,4699.97
Kota Cimahi,2024,4476.0
Kota Cirebon,2018,2260.5
Kota Cirebon,2019,2084.35
Kota Cirebon,2020,2258.02
Kota Cirebon,2021,2773.49
Kota Cirebon,2022,3685.32
Kota Cirebon,2023,3641.59
Kota Cirebon,2024,3215.0
Kota Denpasar,2018,2625.36
Kota Denpasar,2019,2554.29
Kota Denpasar,2020,2994.35
Kota Denpasar,2021,3449.34
Kota Denpasar,2022,4311.92
Kota Denpasar,2023,4056.59
Kota Denpasar,2024,3796.0
Kota Depok,2018,3212.0
Kota Depok,2019,3170.71
Kota Depok,2020,3565.04
Kota Depok,2021,4209.85
Kota Depok,2022,6149.12
Kota Depok,2023,5174.72
Kota Depok,2024,4917.0
Kota Dumai,2018,4348.69
Kota Dumai,2019,4489.61
Kota Dumai,2020,4628.83
Kota Dumai,2021,5436.94
Kota Dumai,2022,8266.85
Kota Dumai,2023,6231.54
Kota Dumai,2024,6119.0
Kota Gorontalo,2018,2984.42
Kota Gorontalo,2019,3045.98
Kota Gorontalo,2020,3259.72
Kota Gorontalo,2021,3947.71
Kota Gorontalo,2022,5987.66
Kota Gorontalo,2023,5067.27
Kota Gorontalo,2024,4930.0
Kota Gunungsitoli,2018,3362.06
Kota Gunungsitoli,2019,3387.46
Kota Gunungsitoli,2020,3429.07
Kota Gunungsitoli,2021,4230.19
Kota Gunungsitoli,2022,4214.39
Kota Gunungsitoli,2023,3615.62
Kota Gunungsitoli,2024,3482.0
Kota Jakarta Barat,2018,3266.59
Kota Jakarta Barat,2019,3373.78
Kota Jakarta Barat,2020,3042.86
Kota Jakarta Barat,2021,3555.79
Kota Jakarta Barat,2022,5246.8
Kota Jakarta Barat,2023,4370.88
Kota Jakarta Barat,2024,4282.0
Kota Jakarta Pusat,2018,3001.69
Kota Jakarta Pusat,2019,2902.73
Kota Jakarta Pusat,2020,3272.0
Kota Jakarta Pusat,2021,3429.24
Kota Jakarta Pusat,2022,4728.89
Kota Jakarta Pusat,2023,3958.46
Kota Jakarta Pusat,2024,3830.0
Kota Jakarta Selatan,2018,3265.93
Kota Jakarta Selatan,2019,3395.9
Kota Jakarta Selatan,2020,4353.76
Kota Jakarta Selatan,2021,4603.72
Kota Jakarta Selatan,2022,6579.18
Kota Jakarta Selatan,2023,4952.49
Kota Jakarta Selatan,2024,5805.0
Kota Jakarta Timur,2018,3560.91
Kota Jakarta Timur,2019,3905.27
Kota Jakarta Timur,2020,3511.34
Kota Jakarta Timur,2021,4070.7
Kota Jakarta Timur,2022,5712.32
Kota Jakarta Timur,2023,4651.5
Kota Jakarta Timur,2024,4365.0
Kota Jakarta Utara,2018,2944.82
Kota Jakarta Utara,2019,2683.13
Kota Jakarta Utara,2020,3090.78
Kota Jakarta Utara,2021,3564.98
Kota Jakarta Utara,2022,4981.42
Kota Jakarta Utara,2023,4302.51
Kota Jakarta Utara,2024,4356.0
Kota Jambi,2018,3732.6
Kota Jambi,2019,3519.87
Kota Jambi,2020,3913.05
Kota Jambi,2021,4544.37
Kota Jambi,2022,5829.2
Kota Jambi,2023,4817.22
Kota Jambi,2024,4532.0
Kota Jayapura,2018,4484.95
Kota Jayapura,2019,4328.88
Kota Jayapura,2020,4164.88
Kota Jayapura,2021,4256.31
Kota Jayapura,2022,7245.14
Kota Jayapura,2023,5968.31
Kota Jayapura,2024,7462.0
Kota Kediri,2018,3376.8
Kota Kediri,2019,3055.31
Kota Kediri,2020,3057.76
Kota Kediri,2021,3619.55
Kota Kediri,2022,5033.25
Kota Kediri,2023,4139.49
Kota Kediri,2024,4180.0
Kota Kendari,2018,2976.88
Kota Kendari,2019,2413.88
Kota Kendari,2020,2608.74
Kota Kendari,2021,2986.97
Kota Kendari,2022,4472.93
Kota Kendari,2023,3579.93
Kota Kendari,2024,3535.0
Kota Kotamobagu,2018,2971.34
Kota Kotamobagu,2019,2883.02
Kota Kotamobagu,2020,2671.55
Kota Kotamobagu,2021,3824.57
Kota Kotamobagu,2022,4670.98
Kota Kotamobagu,2023,4751.01
Kota Kotamobagu,2024,4960.0
Kota Kupang,2018,3178.78
Kota Kupang,2019,2759.18
Kota Kupang,2020,2798.35
Kota Kupang,2021,3404.76
Kota Kupang,2022,4836.01
Kota Kupang,2023,3105.67
Kota Kupang,2024,3166.0
Kota Langsa,2018,3519.61
Kota Langsa,2019,3150.96
Kota Langsa,2020,3480.3
Kota Langsa,2021,3874.83
Kota Langsa,2022,4515.03
Kota Langsa,2023,4113.41
Kota Langsa,2024,3901.0
Kota Lhokseumawe,2018,2942.31
Kota Lhokseumawe,2019,2833.54
Kota Lhokseumawe,2020,3308.99
Kota Lhokseumawe,2021,3580.89
Kota Lhokseumawe,2022,3980.67
Kota Lhokseumawe,2023,3490.28
Kota Lhokseumawe,2024,4502.0
Kota Lubuklinggau,2018,2452.18
Kota Lubuklinggau,2019,2174.72
Kota Lubuklinggau,2020,2437.74
Kota Lubuklinggau,2021,3187.42
Kota Lubuklinggau,2022,3304.08
Kota Lubuklinggau,2023,3467.63
Kota Lubuklinggau,2024,2919.0
Kota Madiun,2018,2990.56
Kota Madiun,2019,3008.53
Kota Madiun,2020,3219.45
Kota Madiun,2021,3494.33
Kota Madiun,2022,5299.65
Kota Madiun,2023,4705.37
Kota Madiun,2024,4207.0
Kota Magelang,2018,2370.35
Kota Magelang,2019,2046.92
Kota Magelang,2020,2351.65
Kota Magelang,2021,3643.28
Kota Magelang,2022,4570.75
Kota Magelang,2023,3569.7
Kota Magelang,2024,3360.0
Kota Makasar,2018,2753.36
Kota Makasar,2019,2409.25
Kota Makasar,2020,2644.7
Kota Makasar,2021,3056.47
Kota Makasar,2022,5161.77
Kota Makasar,2023,3711.37
Kota Makasar,2024,3793.0
Kota Malang,2018,3123.31
Kota Malang,2019,2893.82
Kota Malang,2020,3035.56
Kota Malang,2021,3528.56
Kota Malang,2022,5664.51
Kota Malang,2023,4595.3
Kota Malang,2024,4174.0
Kota Manado,2018,3215.03
Kota Manado,2019,2800.65
Kota Manado,2020,3300.53
Kota Manado,2021,4072.51
Kota Manado,2022,6426.55
Kota Manado,2023,4620.24
Kota Manado,2024,5326.0
Kota Mataram,2018,2868.34
Kota Mataram,2019,2599.93
Kota Mataram,2020,2641.7
Kota Mataram,2021,3379.47
Kota Mataram,2022,4306.05
Kota Mataram,2023,3654.62
Kota Mataram,2024,3630.0
Kota Medan,2018,3943.13
Kota Medan,2019,4054.37
Kota Medan,2020,4347.73
Kota Medan,2021,4366.84
Kota Medan,2022,6267.99
Kota Medan,2023,5838.54
Kota Medan,2024,5351.0
Kota Metro,2018,3348.64
Kota Metro,2019,3220.95
Kota Metro,2020,3240.89
Kota Metro,2021,3990.49
Kota Metro,2022,4421.12
Kota Metro,2023,3855.91
Kota Metro,2024,4198.0
Kota Mojokerto,2018,2765.0
Kota Mojokerto,2019,2659.89
Kota Mojokerto,2020,2742.09
Kota Mojokerto,2021,3339.63
Kota Mojokerto,2022,5157.65
Kota Mojokerto,2023,4484.99
Kota Mojokerto,2024,4072.0
Kota Padang,2018,4160.14
Kota Padang,2019,4196.63
Kota Padang,2020,4461.3
Kota Padang,2021,4864.83
Kota Padang,2022,7711.32
Kota Padang,2023,5743.5
Kota Padang,2024,6332.0
Kota Padang Panjang,2018,3695.63
Kota Padang Panjang,2019,3811.13
Kota Padang Panjang,2020,3832.36
Kota Padang Panjang,2021,4353.65
Kota Padang Panjang,2022,6224.84
Kota Padang Panjang,2023,5419.36
Kota Padang Panjang,2024,5403.0
Kota Padangsidimpuan,2018,3613.5
Kota Padangsidimpuan,2019,4042.98
Kota Padangsidimpuan,2020,4170.52
Kota Padangsidimpuan,2021,4277.1
Kota Padangsidimpuan,2022,6043.83
Kota Padangsidimpuan,2023,5261.95
Kota Padangsidimpuan,2024,5411.0
Kota Pagar Alam,2018,2400.04
Kota Pagar Alam,2019,2676.65
Kota Pagar Alam,2020,2514.41
Kota Pagar Alam,2021,2676.51
Kota Pagar Alam,2022,3854.6
Kota Pagar Alam,2023,3262.67
Kota Pagar Alam,2024,3359.0
Kota Palangka Raya,2018,3286.74
Kota Palangka Raya,2019,3148.41
Kota Palangka Raya,2020,3045.79
Kota Palangka Raya,2021,3647.66
Kota Palangka Raya,2022,5658.43
Kota Palangka Raya,2023,3405.57
Kota Palangka Raya,2024,4120.0
Kota Palembang,2018,2692.78
Kota Palembang,2019,2423.12
Kota Palembang,2020,2632.69
Kota Palembang,2021,2807.6
Kota Palembang,2022,3732.53
Kota Palembang,2023,3541.8
Kota Palembang,2024,3680.0
Kota Palopo,2018,2320.95
Kota Palopo,2019,1957.2
Kota Palopo,2020,1925.59
Kota Palopo,2021,2323.85
Kota Palopo,2022,3080.02
Kota Palopo,2023,3162.78
Kota Palopo,2024,3052.0
Kota Palu,2018,2981.86
Kota Palu,2019,2942.46
Kota Palu,2020,3000.83
Kota Palu,2021,3531.09
Kota Palu,2022,5467.22
Kota Palu,2023,4508.83
Kota Palu,2024,4571.0
Kota Pangkal Pinang,2018,3264.39
Kota Pangkal Pinang,2019,2929.2
Kota Pangkal Pinang,2020,3155.24
Kota Pangkal Pinang,2021,3933.89
Kota Pangkal Pinang,2022,4148.72
Kota Pangkal Pinang,2023,3945.63
Kota Pangkal Pinang,2024,4396.0
Kota Parepare,2018,2346.08
Kota Parepare,2019,2162.34
Kota Parepare,2020,2977.1
Kota Parepare,2021,3541.58
Kota Parepare,2022,3456.38
Kota Parepare,2023,3673.93
Kota Parepare,2024,3627.0
Kota Pariaman,2018,3552.49
Kota Pariaman,2019,3669.03
Kota Pariaman,2020,3908.07
Kota Pariaman,2021,4577.93
Kota Pariaman,2022,5145.38
Kota Pariaman,2023,5035.21
Kota Pariaman,2024,5403.0
Kota Pasuruan,2018,2729.93
Kota Pasuruan,2019,2685.24
Kota Pasuruan,2020,2756.48
Kota Pasuruan,2021,2943.05
Kota Pasuruan,2022,4467.29
Kota Pasuruan,2023,3696.52
Kota Pasuruan,2024,3191.0
Kota Payakumbuh,2018,4229.38
Kota Payakumbuh,2019,4088.27
Kota Payakumbuh,2020,3958.79
Kota Payakumbuh,2021,4570.75
Kota Payakumbuh,2022,6098.05
Kota Payakumbuh,2023,5635.74
Kota Payakumbuh,2024,5489.0
Kota Pekalongan,2018,2370.65
Kota Pekalongan,2019,1956.51
Kota Pekalongan,2020,2612.16
Kota Pekalongan,2021,2982.06
Kota Pekalongan,2022,3873.65
Kota Pekalongan,2023,3110.65
Kota Pekalongan,2024,2726.0
Kota Pekanbaru,2018,4427.92
Kota Pekanbaru,2019,4338.32
Kota Pekanbaru,2020,4959.37
Kota Pekanbaru,2021,5325.21
Kota Pekanbaru,2022,7964.83
Kota Pekanbaru,2023,5615.13
Kota Pekanbaru,2024,6348.0
Kota Pematang Siantar,2018,4303.57
Kota Pematang Siantar,2019,3422.12
Kota Pematang Siantar,2020,3812.11
Kota Pematang Siantar,2021,4026.57
Kota Pematang Siantar,2022,5611.13
Kota Pematang Siantar,2023,5065.54
Kota Pematang Siantar,2024,4693.0
Kota Pontianak,2018,2757.74
Kota Pontianak,2019,2953.49
Kota Pontianak,2020,3155.65
Kota Pontianak,2021,3248.0
Kota Pontianak,2022,5483.4
Kota Pontianak,2023,4183.67
Kota Pontianak,2024,4282.0
Kota Prabumulih,2018,2470.95
Kota Prabumulih,2019,2311.25
Kota Prabumulih,2020,2430.28
Kota Prabumulih,2021,2361.21
Kota Prabumulih,2022,3516.82
Kota Prabumulih,2023,3559.65
Kota Prabumulih,2024,3415.0
Kota Probolinggo,2018,2640.0
Kota Probolinggo,2019,2407.75
Kota Probolinggo,2020,2553.26
Kota Probolinggo,2021,3084.03
Kota Probolinggo,2022,4441.17
Kota Probolinggo,2023,3492.74
Kota Probolinggo,2024,3204.0
Kota Sabang,2018,3366.21
Kota Sabang,2019,3519.15
Kota Sabang,2020,3676.8
Kota Sabang,2021,3642.25
Kota Sabang,2022,5384.43
Kota Sabang,2023,4414.57
Kota Sabang,2024,4402.0
Kota Salatiga,2018,2740.11
Kota Salatiga,2019,2628.58
Kota Salatiga,2020,2849.79
Kota Salatiga,2021,3833.48
Kota Salatiga,2022,5068.14
Kota Salatiga,2023,4357.4
Kota Salatiga,2024,3869.0
Kota Samarinda,2018,3240.93
Kota Samarinda,2019,2991.18
Kota Samarinda,2020,3578.54
Kota Samarinda,2021,3656.76
Kota Samarinda,2022,5525.77
Kota Samarinda,2023,4724.15
Kota Samarinda,2024,4357.0
Kota Sawah Lunto,2018,5272.08
Kota Sawah Lunto,2019,4690.67
Kota Sawah Lunto,2020,4657.2
Kota Sawah Lunto,2021,5332.27
Kota Sawah Lunto,2022,7460.57
Kota Sawah Lunto,2023,6733.79
Kota Sawah Lunto,2024,6714.0
Kota Semarang,2018,3259.42
Kota Semarang,2019,2892.61
Kota Semarang,2020,3199.11
Kota Semarang,2021,3798.23
Kota Semarang,2022,5911.26
Kota Semarang,2023,3776.96
Kota Semarang,2024,4642.0
Kota Serang,2018,3164.98
Kota Serang,2019,3024.3
Kota Serang,2020,3522.36
Kota Serang,2021,3888.8
Kota Serang,2022,5145.85
Kota Serang,2023,3758.68
Kota Serang,2024,3423.0
Kota Sibolga,2018,3400.96
Kota Sibolga,2019,2968.15
Kota Sibolga,2020,3146.64
Kota Sibolga,2021,3437.88
Kota Sibolga,2022,4108.6
Kota Sibolga,2023,4277.46
Kota Sibolga,2024,4392.0
Kota Singkawang,2018,2786.23
Kota Singkawang,2019,2711.36
Kota Singkawang,2020,3115.07
Kota Singkawang,2021,3734.16
Kota Singkawang,2022,4892.76
Kota Singkawang,2023,3846.63
Kota Singkawang,2024,3873.0
Kota Solok,2018,4502.28
Kota Solok,2019,4449.04
Kota Solok,2020,4775.05
Kota Solok,2021,4861.58
Kota Solok,2022,7522.78
Kota Solok,2023,6099.71
Kota Solok,2024,6508.0
Kota Sorong,2018,4275.96
Kota Sorong,2019,3556.41
Kota Sorong,2020,3738.91
Kota Sorong,2021,4904.01
Kota Sorong,2022,6591.35
Kota Sorong,2023,4966.22
Kota Sorong,2024,5074.0
Kota Subulussalam,2018,3635.29
Kota Subulussalam,2019,3673.04
Kota Subulussalam,2020,3621.73
Kota Subulussalam,2021,4612.9
Kota Subulussalam,2022,5915.81
Kota Subulussalam,2023,5127.73
Kota Subulussalam,2024,5412.0
Kota Sukabumi,2018,2733.47
Kota Sukabumi,2019,3470.67
Kota Sukabumi,2020,2696.81
Kota Sukabumi,2021,3090.27
Kota Sukabumi,2022,4569.05
Kota Sukabumi,2023,3973.26
Kota Sukabumi,2024,3693.0
Kota Sungai Penuh,2018,5235.38
Kota Sungai Penuh,2019,5457.71
Kota Sungai Penuh,2020,5795.18
Kota Sungai Penuh,2021,5810.64
Kota Sungai Penuh,2022,8198.44
Kota Sungai Penuh,2023,7038.92
Kota Sungai Penuh,2024,6758.0
Kota Surabaya,2018,3356.29
Kota Surabaya,2019,2906.28
Kota Surabaya,2020,3284.73
Kota Surabaya,2021,4119.61
Kota Surabaya,2022,5538.08
Kota Surabaya,2023,5323.24
Kota Surabaya,2024,4873.0
Kota Surakarta,2018,2718.18
Kota Surakarta,2019,2308.89
Kota Surakarta,2020,2321.99
Kota Surakarta,2021,3045.44
Kota Surakarta,2022,4975.03
Kota Surakarta,2023,3584.82
Kota Surakarta,2024,3662.0
Kota Tangerang,2018,3394.89
Kota Tangerang,2019,3687.17
Kota Tangerang,2020,4292.48
Kota Tangerang,2021,4654.9
Kota Tangerang,2022,6730.55
Kota Tangerang,2023,5827.14
Kota Tangerang,2024,4478.0
Kota Tangerang Selatan,2018,3475.09
Kota Tangerang Selatan,2019,3183.5
Kota Tangerang Selatan,2020,3462.64
Kota Tangerang Selatan,2021,4437.85
Kota Tangerang Selatan,2022,6312.34
Kota Tangerang Selatan,2023,4630.14
Kota Tangerang Selatan,2024,5250.0
Kota Tanjung Balai,2018,3502.37
Kota Tanjung Balai,2019,3329.13
Kota Tanjung Balai,2020,3555.03
Kota Tanjung Balai,2021,3919.86
Kota Tanjung Balai,2022,5258.1
Kota Tanjung Balai,2023,4176.22
Kota Tanjung Balai,2024,5097.0
Kota Tanjung Pinang,2018,3752.15
Kota Tanjung Pinang,2019,3205.2
Kota Tanjung Pinang,2020,3857.76
Kota Tanjung Pinang,2021,4399.37
Kota Tanjung Pinang,2022,5424.3
Kota Tanjung Pinang,2023,4629.87
Kota Tanjung Pinang,2024,4044.0
Kota Tarakan,2018,3039.22
Kota Tarakan,2019,2908.21
Kota Tarakan,2020,2935.53
Kota Tarakan,2021,3603.18
Kota Tarakan,2022,5092.36
Kota Tarakan,2023,3734.65
Kota Tarakan,2024,3846.0
Kota Tasikmalaya,2018,2101.99
Kota Tasikmalaya,2019,2137.06
Kota Tasikmalaya,2020,2490.71
Kota Tasikmalaya,2021,3124.41
Kota Tasikmalaya,2022,3568.92
Kota Tasikmalaya,2023,3771.6
Kota Tasikmalaya,2024,3557.0
Kota Tebing Tinggi,2018,3198.55
Kota Tebing Tinggi,2019,3322.38
Kota Tebing Tinggi,2020,3880.48
Kota Tebing Tinggi,2021,3884.95
Kota Tebing Tinggi,2022,5350.64
Kota Tebing Tinggi,2023,4949.42
Kota Tebing Tinggi,2024,5355.0
Kota Tegal,2018,1982.79
Kota Tegal,2019,1976.51
Kota Tegal,2020,2210.9
Kota Tegal,2021,2697.44
Kota Tegal,2022,3359.35
Kota Tegal,2023,3379.94
Kota Tegal,2024,2933.0
Kota Ternate,2018,3137.65
Kota Ternate,2019,3409.02
Kota Ternate,2020,3803.19
Kota Ternate,2021,3916.44
Kota Ternate,2022,5402.95
Kota Ternate,2023,4374.54
Kota Ternate,2024,5383.0
Kota Tidore Kepulauan,2018,3817.52
Kota Tidore Kepulauan,2019,3574.85
Kota Tidore Kepulauan,2020,4125.23
Kota Tidore Kepulauan,2021,4586.76
Kota Tidore Kepulauan,2022,5819.78
Kota Tidore Kepulauan,2023,5695.32
Kota Tidore Kepulauan,2024,4938.0
Kota Tomohon,2018,2931.68
Kota Tomohon,2019,2786.86
Kota Tomohon,2020,2915.75
Kota Tomohon,2021,3799.32
Kota Tomohon,2022,5901.71
Kota Tomohon,2023,5068.61
Kota Tomohon,2024,4858.0
Kota Tual,2018,3041.22
Kota Tual,2019,2785.31
Kota Tual,2020,3117.23
Kota Tual,2021,3078.27
Kota Tual,2022,3705.79
Kota Tual,2023,4161.27
Kota Tual,2024,4345.0
Kota Yogyakarta,2018,2183.64
Kota Yogyakarta,2019,2392.64
Kota Yogyakarta,2020,2323.71
Kota Yogyakarta,2021,2607.42
Kota Yogyakarta,2022,4172.71
Kota Yogyakarta,2023,3103.73
Kota Yogyakarta,2024,3060.0
Kotawaringin Barat,2018,4515.11
Kotawaringin Barat,2019,4016.94
Kotawaringin Barat,2020,4174.32
Kotawaringin Barat,2021,4799.64
Kotawaringin Barat,2022,6089.88
Kotawaringin Barat,2023,5465.21
Kotawaringin Barat,2024,5282.0
Kotawaringin Timur,2018,3542.0
Kotawaringin Timur,2019,3274.72
Kotawaringin Timur,2020,3454.57
Kotawaringin Timur,2021,3896.09
Kotawaringin Timur,2022,5645.97
Kotawaringin Timur,2023,4522.7
Kotawaringin Timur,2024,4811.0
Kuantan Singingi,2018,5459.74
Kuantan Singingi,2019,4925.88
Kuantan Singingi,2020,5213.42
Kuantan Singingi,2021,6373.34
Kuantan Singingi,2022,8381.84
Kuantan Singingi,2023,7453.27
Kuantan Singingi,2024,7207.0
Kubu Raya,2018,2922.56
Kubu Raya,2019,2632.14
Kubu Raya,2020,3091.31
Kubu Raya,2021,3301.95
Kubu Raya,2022,4968.32
Kubu Raya,2023,3883.81
Kubu Raya,2024,3549.0
Kudus,2018,2596.46
Kudus,2019,2646.41
Kudus,2020,2721.03
Kudus,2021,3283.8
Kudus,2022,4401.31
Kudus,2023,3367.86
Kudus,2024,3229.0
Kulon Progo,2018,2438.5
Kulon Progo,2019,2479.48
Kulon Progo,2020,2890.9
Kulon Progo,2021,3129.4
Kulon Progo,2022,4363.18
Kulon Progo,2023,3910.46
Kulon Progo,2024,3793.0
Kuningan,2018,2592.96
Kuningan,2019,2524.02
Kuningan,2020,3456.24
Kuningan,2021,3473.01
Kuningan,2022,4255.36
Kuningan,2023,3280.36
Kuningan,2024,3283.0
Kupang,2018,2074.8
Kupang,2019,2206.9
Kupang,2020,2450.69
Kupang,2021,2603.27
Kupang,2022,3235.7
Kupang,2023,2867.0
Kupang,2024,2813.0
Kutai Barat,2018,3819.74
Kutai Barat,2019,3783.8
Kutai Barat,2020,4096.48
Kutai Barat,2021,4217.08
Kutai Barat,2022,6254.49
Kutai Barat,2023,5376.68
Kutai Barat,2024,4609.0
Kutai Kartanegara,2018,3417.02
Kutai Kartanegara,2019,3388.51
Kutai Kartanegara,2020,3930.38
Kutai Kartanegara,2021,3688.04
Kutai Kartanegara,2022,6300.85
Kutai Kartanegara,2023,4777.75
Kutai Kartanegara,2024,4471.0
Kutai Timur,2018,4042.32
Kutai Timur,2019,4108.79
Kutai Timur,2020,4275.31
Kutai Timur,2021,4426.77
Kutai Timur,2022,6840.5
Kutai Timur,2023,5879.2
Kutai Timur,2024,4601.0
Labuhan Batu,2018,4249.73
Labuhan Batu,2019,3986.95
Labuhan Batu,2020,4270.6
Labuhan Batu,2021,4111.91
Labuhan Batu,2022,5959.62
Labuhan Batu,2023,5321.93
Labuhan Batu,2024,5092.0
Labuhan Batu Selatan,2018,4615.07
Labuhan Batu Selatan,2019,4125.6
Labuhan Batu Selatan,2020,4157.81
Labuhan Batu Selatan,2021,4634.55
Labuhan Batu Selatan,2022,6107.34
Labuhan Batu Selatan,2023,4948.13
Labuhan Batu Selatan,2024,5546.0
Labuhan Batu Utara,2018,3901.16
Labuhan Batu Utara,2019,3927.37
Labuhan Batu Utara,2020,4240.71
Labuhan Batu Utara,2021,4586.26
Labuhan Batu Utara,2022,5718.67
Labuhan Batu Utara,2023,5057.91
Labuhan Batu Utara,2024,4995.0
Lahat,2018,2983.71
Lahat,2019,2664.29
Lahat,2020,2835.98
Lahat,2021,2937.73
Lahat,2022,4420.71
Lahat,2023,4732.1
Lahat,2024,4040.0
Lamandau,2018,4818.92
Lamandau,2019,4197.67
Lamandau,2020,4649.25
Lamandau,2021,5335.5
Lamandau,2022,6428.37
Lamandau,2023,6440.3
Lamandau,2024,5529.0
Lamongan,2018,2870.81
Lamongan,2019,2882.79
Lamongan,2020,3176.04
Lamongan,2021,3494.85
Lamongan,2022,4753.09
Lamongan,2023,4526.78
Lamongan,2024,4055.0
Lampung Barat,2018,4000.25
Lampung Barat,2019,3896.82
Lampung Barat,2020,4071.87
Lampung Barat,2021,4319.76
Lampung Barat,2022,6864.73
Lampung Barat,2023,4835.13
Lampung Barat,2024,4631.0
Lampung Selatan,2018,3252.3
Lampung Selatan,2019,3314.14
Lampung Selatan,2020,3500.94
Lampung Selatan,2021,4444.95
Lampung Selatan,2022,5390.84
Lampung Selatan,2023,5022.44
Lampung Selatan,2024,4807.0
Lampung Tengah,2018,3985.14
Lampung Tengah,2019,3759.84
Lampung Tengah,2020,3967.76
Lampung Tengah,2021,4427.63
Lampung Tengah,2022,5436.99
Lampung Tengah,2023,5171.24
Lampung Tengah,2024,5101.0
Lampung Timur,2018,3506.24
Lampung Timur,2019,3009.02
Lampung Timur,2020,3652.81
Lampung Timur,2021,3963.36
Lampung Timur,2022,5897.55
Lampung Timur,2023,4433.62
Lampung Timur,2024,4174.0
Lampung Utara,2018,2954.59
Lampung Utara,2019,3041.72
Lampung Utara,2020,3250.63
Lampung Utara,2021,3977.93
Lampung Utara,2022,5329.66
Lampung Utara,2023,4392.75
Lampung Utara,2024,4455.0
Landak,2018,2638.81
Landak,2019,2635.73
Landak,2020,2749.51
Landak,2021,3226.41
Landak,2022,5282.43
Landak,2023,4225.81
Landak,2024,4014.0
Langkat,2018,3678.23
Langkat,2019,3752.88
Langkat,2020,4139.1
Langkat,2021,4873.49
Langkat,2022,6430.26
Langkat,2023,5592.69
Langkat,2024,5427.0
Lanny Jaya,2018,4648.4
Lanny Jaya,2019,7918.62
Lanny Jaya,2020,8276.46
Lanny Jaya,2021,8940.87
Lanny Jaya,2022,11482.01
Lanny Jaya,2023,11998.45
Lanny Jaya,2024,4539.0
Lebak,2018,3473.34
Lebak,2019,3106.92
Lebak,2020,3074.8
Lebak,2021,4147.14
Lebak,2022,5749.36
Lebak,2023,4525.24
Lebak,2024,3858.0
Lebong,2018,3553.28
Lebong,2019,3721.27
Lebong,2020,4136.36
Lebong,2021,3878.61
Lebong,2022,6232.5
Lebong,2023,5341.08
Lebong,2024,4728.0
Lembata,2018,2630.74
Lembata,2019,2827.64
Lembata,2020,2684.39
Lembata,2021,2701.91
Lembata,2022,3722.22
Lembata,2023,3950.84
Lembata,2024,3468.0
Lima Puluh Kota,2018,4805.82
Lima Puluh Kota,2019,4521.05
Lima Puluh Kota,2020,4846.57
Lima Puluh Kota,2021,5346.6
Lima Puluh Kota,2022,7666.99
Lima Puluh Kota,2023,6224.26
Lima Puluh Kota,2024,6863.0
Lingga,2018,4012.35
Lingga,2019,4156.7
Lingga,2020,4408.18
Lingga,2021,4347.15
Lingga,2022,5545.26
Lingga,2023,4835.28
Lingga,2024,4598.0
Lombok Barat,2018,3007.94
Lombok Barat,2019,2431.84
Lombok Barat,2020,2785.18
Lombok Barat,2021,2831.65
Lombok Barat,2022,4904.76
Lombok Barat,2023,3998.4
Lombok Barat,2024,3986.0
Lombok Tengah,2018,2949.86
Lombok Tengah,2019,2381.08
Lombok Tengah,2020,2736.11
Lombok Tengah,2021,3062.57
Lombok Tengah,2022,4059.8
Lombok Tengah,2023,3641.22
Lombok Tengah,2024,3522.0
Lombok Timur,2018,2867.38
Lombok Timur,2019,2383.61
Lombok Timur,2020,2877.38
Lombok Timur,2021,3949.7
Lombok Timur,2022,4641.8
Lombok Timur,2023,4678.83
Lombok Timur,2024,4080.0
Lombok Utara,2018,3262.8
Lombok Utara,2019,2818.04
Lombok Utara,2020,2991.27
Lombok Utara,2021,3190.13
Lombok Utara,2022,5369.12
Lombok Utara,2023,4008.75
Lombok Utara,2024,3388.0
Lumajang,2018,2686.52
Lumajang,2019,2710.99
Lumajang,2020,2918.92
Lumajang,2021,3701.36
Lumajang,2022,5547.64
Lumajang,2023,4727.62
Lumajang,2024,3933.0
Luwu,2018,2504.79
Luwu,2019,2063.95
Luwu,2020,2278.23
Luwu,2021,2388.46
Luwu,2022,3407.55
Luwu,2023,3240.5
Luwu,2024,2679.0
Luwu Timur,2018,2635.36
Luwu Timur,2019,2501.52
Luwu Timur,2020,2688.44
Luwu Timur,2021,2987.98
Luwu Timur,2022,3820.92
Luwu Timur,2023,3723.91
Luwu Timur,2024,3592.0
Luwu Utara,2018,2790.49
Luwu Utara,2019,2480.24
Luwu Utara,2020,2726.04
Luwu Utara,2021,2978.62
Luwu Utara,2022,3971.85
Luwu Utara,2023,4154.8
Luwu Utara,2024,4077.0
Madiun,2018,3708.57
Madiun,2019,3233.2
Madiun,2020,3383.94
Madiun,2021,3705.37
Madiun,2022,4477.57
Madiun,2023,4940.03
Madiun,2024,3924.0
Magelang,2018,2719.67
Magelang,2019,2763.64
Magelang,2020,2962.57
Magelang,2021,3628.74
Magelang,2022,4222.35
Magelang,2023,3559.73
Magelang,2024,3186.0
Magetan,2018,3103.89
Magetan,2019,3087.24
Magetan,2020,3629.71
Magetan,2021,4305.25
Magetan,2022,4749.31
Magetan,2023,4282.81
Magetan,2024,3984.0
Mahakam Ulu,2018,4071.23
Mahakam Ulu,2019,4279.05
Mahakam Ulu,2020,4500.57
Mahakam Ulu,2021,4315.69
Mahakam Ulu,2022,7800.72
Mahakam Ulu,2023,7174.58
Mahakam Ulu,2024,7337.0
Majalengka,2018,2231.53
Majalengka,2019,2146.5
Majalengka,2020,2980.09
Majalengka,2021,2599.85
Majalengka,2022,3180.62
Majalengka,2023,3109.74
Majalengka,2024,3349.0
Majene,2018,3156.22
Majene,2019,2381.14
Majene,2020,2525.19
Majene,2021,3202.54
Majene,2022,3394.61
Majene,2023,3926.55
Majene,2024,3646.0
Malaka,2018,2684.15
Malaka,2019,2816.67
Malaka,2020,2486.72
Malaka,2021,2540.68
Malaka,2022,3579.3
Malaka,2023,3294.18
Malaka,2024,2926.0
Malang,2018,2816.87
Malang,2019,2523.16
Malang,2020,3204.67
Malang,2021,3695.23
Malang,2022,4285.55
Malang,2023,4372.24
Malang,2024,4088.0
Malinau,2018,3741.46
Malinau,2019,3351.7
Malinau,2020,3805.64
Malinau,2021,3746.85
Malinau,2022,5633.15
Malinau,2023,4664.45
Malinau,2024,5039.0
Maluku Barat Daya,2018,3196.26
Maluku Barat Daya,2019,3421.71
Maluku Barat Daya,2020,3373.07
Maluku Barat Daya,2021,3374.38
Maluku Barat Daya,2022,4011.27
Maluku Barat Daya,2023,5402.79
Maluku Barat Daya,2024,5085.0
Maluku Tengah,2018,3988.39
Maluku Tengah,2019,3682.53
Maluku Tengah,2020,3740.8
Maluku Tengah,2021,4322.54
Maluku Tengah,2022,5019.73
Maluku Tengah,2023,5242.26
Maluku Tengah,2024,4638.0
Maluku Tenggara,2018,3112.89
Maluku Tenggara,2019,3367.53
Maluku Tenggara,2020,3581.11
Maluku Tenggara,2021,3772.86
Maluku Tenggara,2022,4041.08
Maluku Tenggara,2023,4849.6
Maluku Tenggara,2024,4755.0
Maluku Tenggara Barat,2018,3527.69
Maluku Tenggara Barat,2019,3230.46
Maluku Tenggara Barat,2020,3389.75
Maluku Tenggara Barat,2021,3509.11
Maluku Tenggara Barat,2022,4180.19
Maluku Tenggara Barat,2023,4556.62
Maluku Tenggara Barat,2024,4418.0
Mamasa,2018,2326.54
Mamasa,2019,2512.51
Mamasa,2020,2499.86
Mamasa,2021,2763.97
Mamasa,2022,3841.0
Mamasa,2023,3646.56
Mamasa,2024,3057.0
Mamberamo Raya,2018,1791.91
Mamberamo Raya,2019,2770.58
Mamberamo Raya,2020,2172.09
Mamberamo Raya,2021,3314.66
Mamberamo Raya,2022,2195.23
Mamberamo Raya,2023,2647.5
Mamberamo Raya,2024,19208.0
Mamberamo Tengah,2018,3719.16
Mamberamo Tengah,2019,3161.91
Mamberamo Tengah,2020,3066.45
Mamberamo Tengah,2021,2578.45
Mamberamo Tengah,2022,5774.06
Mamberamo Tengah,2023,6203.9
Mamberamo Tengah,2024,8990.0
Mamuju,2018,3279.01
Mamuju,2019,2617.07
Mamuju,2020,2826.26
Mamuju,2021,3041.08
Mamuju,2022,4225.87
Mamuju,2023,3456.07
Mamuju,2024,3303.0
Mamuju Tengah,2018,3355.75
Mamuju Tengah,2019,3002.16
Mamuju Tengah,2020,3159.37
Mamuju Tengah,2021,3307.29
Mamuju Tengah,2022,4646.61
Mamuju Tengah,2023,3413.47
Mamuju Tengah,2024,3807.0
Mamuju Utara,2018,4115.85
Mamuju Utara,2019,3629.38
Mamuju Utara,2020,3499.43
Mamuju Utara,2021,3833.83
Mamuju Utara,2022,5185.53
Mamuju Utara,2023,4581.01
Mamuju Utara,2024,3903.0
Mandailing Natal,2018,4435.35
Mandailing Natal,2019,4277.11
Mandailing Natal,2020,4746.29
Mandailing Natal,2021,5389.35
Mandailing Natal,2022,6526.2
Mandailing Natal,2023,6179.38
Mandailing Natal,2024,5954.0
Manggarai,2018,2157.25
Manggarai,2019,2404.88
Manggarai,2020,2471.23
Manggarai,2021,2696.85
Manggarai,2022,3279.24
Manggarai,2023,3522.66
Manggarai,2024,3343.0
Manggarai Barat,2018,2638.34
Manggarai Barat,2019,2511.4
Manggarai Barat,2020,2685.44
Manggarai Barat,2021,2745.86
Manggarai Barat,2022,3505.36
Manggarai Barat,2023,3438.97
Manggarai Barat,2024,2895.0
Manggarai Timur,2018,2005.36
Manggarai Timur,2019,2497.64
Manggarai Timur,2020,1769.73
Manggarai Timur,2021,2193.56
Manggarai Timur,2022,2484.28
Manggarai Timur,2023,2801.54
Manggarai Timur,2024,2752.0
Manokwari,2018,3886.36
Manokwari,2019,4201.2
Manokwari,2020,4140.58
Manokwari,2021,4387.8
Manokwari,2022,7639.76
Manokwari,2023,6203.65
Manokwari,2024,5952.0
Manokwari Selatan,2018,3267.17
Manokwari Selatan,2019,4522.21
Manokwari Selatan,2020,5447.19
Manokwari Selatan,2021,5355.21
Manokwari Selatan,2022,7277.74
Manokwari Selatan,2023,5475.19
Manokwari Selatan,2024,8393.0
Mappi,2018,3233.42
Mappi,2019,2502.14
Mappi,2020,2054.29
Mappi,2021,2847.92
Mappi,2022,3310.19
Mappi,2023,3035.64
Mappi,2024,5635.0
Maros,2018,2513.01
Maros,2019,2317.5
Maros,2020,2962.73
Maros,2021,3211.03
Maros,2022,4753.55
Maros,2023,4218.3
Maros,2024,3701.0
Maybrat,2018,3956.22
Maybrat,2019,4060.04
Maybrat,2020,4840.81
Maybrat,2021,5182.52
Maybrat,2022,4975.2
Maybrat,2023,5607.36
Maybrat,2024,3197.0
Melawi,2018,2842.7
Melawi,2019,2672.79
Melawi,2020,2885.89
Melawi,2021,3391.93
Melawi,2022,4892.16
Melawi,2023,4256.63
Melawi,2024,3707.0
Mempawah,2018,3214.67
Mempawah,2019,2871.76
Mempawah,2020,3159.89
Mempawah,2021,3072.39
Mempawah,2022,4585.69
Mempawah,2023,3537.8
Mempawah,2024,3596.0
Merangin,2018,3968.61
Merangin,2019,3626.92
Merangin,2020,3889.3
Merangin,2021,3901.28
Merangin,2022,6151.63
Merangin,2023,4859.2
Merangin,2024,5393.0
Merauke,2018,4247.8
Merauke,2019,4628.97
Merauke,2020,4934.97
Merauke,2021,5125.82
Merauke,2022,6463.76
Merauke,2023,4368.81
Merauke,2024,6128.0
Mesuji,2018,3944.16
Mesuji,2019,3296.82
Mesuji,2020,3279.53
Mesuji,2021,3934.14
Mesuji,2022,5868.97
Mesuji,2023,4902.89
Mesuji,2024,4332.0
Mimika,2018,4538.72
Mimika,2019,4478.74
Mimika,2020,4312.7
Mimika,2021,4936.64
Mimika,2022,5934.11
Mimika,2023,6047.97
Mimika,2024,5351.0
Minahasa,2018,3071.31
Minahasa,2019,2810.64
Minahasa,2020,3002.39
Minahasa,2021,3643.64
Minahasa,2022,5744.08
Minahasa,2023,5180.18
Minahasa,2024,4386.0
Minahasa Selatan,2018,2906.03
Minahasa Selatan,2019,3085.79
Minahasa Selatan,2020,3243.62
Minahasa Selatan,2021,4073.21
Minahasa Selatan,2022,5988.04
Minahasa Selatan,2023,4775.68
Minahasa Selatan,2024,4662.0
Minahasa Tenggara,2018,3535.18
Minahasa Tenggara,2019,2914.68
Minahasa Tenggara,2020,3249.91
Minahasa Tenggara,2021,3730.35
Minahasa Tenggara,2022,4860.58
Minahasa Tenggara,2023,5091.88
Minahasa Tenggara,2024,5110.0
Minahasa Utara,2018,3193.95
Minahasa Utara,2019,3654.4
Minahasa Utara,2020,3470.47
Minahasa Utara,2021,4236.4
Minahasa Utara,2022,6716.58
Minahasa Utara,2023,5422.96
Minahasa Utara,2024,4452.0
Mojokerto,2018,3004.52
Mojokerto,2019,3222.44
Mojokerto,2020,3261.68
Mojokerto,2021,3677.21
Mojokerto,2022,5321.0
Mojokerto,2023,4527.45
Mojokerto,2024,4568.0
Morowali,2018,3952.26
Morowali,2019,3602.95
Morowali,2020,4179.7
Morowali,2021,3995.73
Morowali,2022,6894.31
Morowali,2023,7509.06
Morowali,2024,5807.0
Morowali Utara,2018,3983.05
Morowali Utara,2019,3215.86
Morowali Utara,2020,3751.94
Morowali Utara,2021,4167.87
Morowali Utara,2022,6455.18
Morowali Utara,2023,5239.29
Morowali Utara,2024,5245.0
Muara Enim,2018,2342.3
Muara Enim,2019,2757.89
Muara Enim,2020,3114.21
Muara Enim,2021,2928.4
Muara Enim,2022,4217.58
Muara Enim,2023,3690.64
Muara Enim,2024,3802.0
Muaro Jambi,2018,4054.12
Muaro Jambi,2019,3586.44
Muaro Jambi,2020,3998.98
Muaro Jambi,2021,4348.42
Muaro Jambi,2022,5802.58
Muaro Jambi,2023,5076.28
Muaro Jambi,2024,5336.0
Mukomuko,2018,4603.0
Mukomuko,2019,4018.71
Mukomuko,2020,4616.66
Mukomuko,2021,4321.47
Mukomuko,2022,6587.43
Mukomuko,2023,5882.01
Mukomuko,2024,6217.0
Muna,2018,1671.88
Muna,2019,1580.63
Muna,2020,1668.55
Muna,2021,2169.2
Muna,2022,2761.63
Muna,2023,2174.47
Muna,2024,1694.0
Muna Barat,2018,1491.09
Muna Barat,2019,1560.33
Muna Barat,2020,2263.11
Muna Barat,2021,2757.88
Muna Barat,2022,3129.75
Muna Barat,2023,2332.89
Muna Barat,2024,2828.0
Murung Raya,2018,3915.48
Murung Raya,2019,3287.49
Murung Raya,2020,3564.64
Murung Raya,2021,3362.44
Murung Raya,2022,5418.69
Murung Raya,2023,4664.7
Murung Raya,2024,4749.0
Musi Banyuasin,2018,3315.42
Musi Banyuasin,2019,3072.86
Musi Banyuasin,2020,3449.71
Musi Banyuasin,2021,3993.7
Musi Banyuasin,2022,5023.93
Musi Banyuasin,2023,4392.01
Musi Banyuasin,2024,4507.0
Musi Rawas,2018,2969.42
Musi Rawas,2019,2964.05
Musi Rawas,2020,3250.35
Musi Rawas,2021,3539.13
Musi Rawas,2022,4711.41
Musi Rawas,2023,4063.76
Musi Rawas,2024,4824.0
Musi Rawas Utara,2018,2755.16
Musi Rawas Utara,2019,2860.11
Musi Rawas Utara,2020,3078.99
Musi Rawas Utara,2021,3386.87
Musi Rawas Utara,2022,4752.92
Musi Rawas Utara,2023,4013.83
Musi Rawas Utara,2024,4468.0
Nabire,2018,4404.6
Nabire,2019,4692.33
Nabire,2020,5451.28
Nabire,2021,6069.31
Nabire,2022,7621.48
Nabire,2023,5882.04
Nabire,2024,3456.0
Nagan Raya,2018,4223.67
Nagan Raya,2019,3568.5
Nagan Raya,2020,4036.4
Nagan Raya,2021,5014.33
Nagan Raya,2022,6208.22
Nagan Raya,2023,7316.52
Nagan Raya,2024,7038.0
Nagekeo,2018,2507.53
Nagekeo,2019,2211.7
Nagekeo,2020,2845.78
Nagekeo,2021,2959.67
Nagekeo,2022,3034.54
Nagekeo,2023,3613.74
Nagekeo,2024,3217.0
Natuna,2018,4601.53
Natuna,2019,3956.37
Natuna,2020,4113.23
Natuna,2021,4605.61
Natuna,2022,5808.69
Natuna,2023,5045.63
Natuna,2024,5527.0
Nduga,2018,4475.94
Nduga,2019,4977.52
Nduga,2020,4842.9
Nduga,2021,8694.49
Nduga,2022,7048.22
Nduga,2023,4958.23
Nduga,2024,23538.0
Ngada,2018,3018.9
Ngada,2019,3163.07
Ngada,2020,3106.82
Ngada,2021,3400.27
Ngada,2022,4028.82
Ngada,2023,4195.64
Ngada,2024,4278.0
Nganjuk,2018,3122.78
Nganjuk,2019,3266.87
Nganjuk,2020,3747.67
Nganjuk,2021,4375.63
Nganjuk,2022,5335.24
Nganjuk,2023,4964.86
Nganjuk,2024,5002.0
Ngawi,2018,2717.18
Ngawi,2019,2654.27
Ngawi,2020,2833.91
Ngawi,2021,3253.42
Ngawi,2022,3986.38
Ngawi,2023,3962.89
Ngawi,2024,4809.0
Nias,2018,3363.1
Nias,2019,3491.47
Nias,2020,3207.28
Nias,2021,3585.52
Nias,2022,4745.86
Nias,2023,4935.97
Nias,2024,4930.0
Nias Barat,2018,3084.83
Nias Barat,2019,3378.54
Nias Barat,2020,3084.61
Nias Barat,2021,3239.34
Nias Barat,2022,3940.58
Nias Barat,2023,3752.31
Nias Barat,2024,3430.0
Nias Selatan,2018,3950.44
Nias Selatan,2019,3832.34
Nias Selatan,2020,3847.03
Nias Selatan,2021,3862.31
Nias Selatan,2022,5189.18
Nias Selatan,2023,4611.44
Nias Selatan,2024,4894.0
Nias Utara,2018,3509.25
Nias Utara,2019,3827.53
Nias Utara,2020,3564.85
Nias Utara,2021,3654.2
Nias Utara,2022,4855.33
Nias Utara,2023,4168.25
Nias Utara,2024,4319.0
Nunukan,2018,3591.94
Nunukan,2019,3194.47
Nunukan,2020,3115.45
Nunukan,2021,3669.7
Nunukan,2022,5916.31
Nunukan,2023,4052.41
Nunukan,2024,4051.0
Ogan Ilir,2018,2511.49
Ogan Ilir,2019,2217.58
Ogan Ilir,2020,2631.58
Ogan Ilir,2021,2884.05
Ogan Ilir,2022,4237.57
Ogan Ilir,2023,3049.55
Ogan Ilir,2024,3097.0
Ogan Komering Ilir,2018,3076.64
Ogan Komering Ilir,2019,3021.7
Ogan Komering Ilir,2020,3558.12
Ogan Komering Ilir,2021,4007.23
Ogan Komering Ilir,2022,5896.5
Ogan Komering Ilir,2023,4261.81
Ogan Komering Ilir,2024,4625.0
Ogan Komering Ulu,2018,2898.67
Ogan Komering Ulu,2019,2648.66
Ogan Komering Ulu,2020,2618.13
Ogan Komering Ulu,2021,2943.78
Ogan Komering Ulu,2022,4213.55
Ogan Komering Ulu,2023,3684.08
Ogan Komering Ulu,2024,3765.0
Ogan Komering Ulu Selatan,2018,2527.44
Ogan Komering Ulu Selatan,2019,2571.96
Ogan Komering Ulu Selatan,2020,3178.04
Ogan Komering Ulu Selatan,2021,3428.03
Ogan Komering Ulu Selatan,2022,4165.14
Ogan Komering Ulu Selatan,2023,5083.81
Ogan Komering Ulu Selatan,2024,3708.0
Ogan Komering Ulu Timur,2018,3002.68
Ogan Komering Ulu Timur,2019,3304.58
Ogan Komering Ulu Timur,2020,3298.46
Ogan Komering Ulu Timur,2021,3904.71
Ogan Komering Ulu Timur,2022,5004.16
Ogan Komering Ulu Timur,2023,3978.09
Ogan Komering Ulu Timur,2024,4932.0
Pacitan,2018,3484.93
Pacitan,2019,3324.73
Pacitan,2020,4009.34
Pacitan,2021,4277.87
Pacitan,2022,4681.54
Pacitan,2023,4297.02
Pacitan,2024,4804.0
Padang Lawas,2018,4633.2
Padang Lawas,2019,4066.87
Padang Lawas,2020,4492.45
Padang Lawas,2021,5099.11
Padang Lawas,2022,6604.67
Padang Lawas,2023,5158.77
Padang Lawas,2024,5557.0
Padang Lawas Utara,2018,4273.65
Padang Lawas Utara,2019,3782.27
Padang Lawas Utara,2020,3939.21
Padang Lawas Utara,2021,4522.01
Padang Lawas Utara,2022,6030.37
Padang Lawas Utara,2023,4941.07
Padang Lawas Utara,2024,4628.0
Padang Pariaman,2018,4026.28
Padang Pariaman,2019,3887.88
Padang Pariaman,2020,4434.66
Padang Pariaman,2021,5124.94
Padang Pariaman,2022,6564.27
Padang Pariaman,2023,5550.46
Padang Pariaman,2024,5753.0
Pakpak Bharat,2018,3975.36
Pakpak Bharat,2019,3923.75
Pakpak Bharat,2020,4035.23
Pakpak Bharat,2021,4336.33
Pakpak Bharat,2022,5486.17
Pakpak Bharat,2023,4913.27
Pakpak Bharat,2024,4627.0
Pamekasan,2018,2828.5
Pamekasan,2019,2924.04
Pamekasan,2020,2980.76
Pamekasan,2021,3045.05
Pamekasan,2022,3914.51
Pamekasan,2023,2905.56
Pamekasan,2024,2641.0
Pandeglang,2018,2542.96
Pandeglang,2019,2378.06
Pandeglang,2020,2597.51
Pandeglang,2021,2895.64
Pandeglang,2022,3995.07
Pandeglang,2023,3418.0
Pandeglang,2024,3328.0
Pangandaran,2018,3277.26
Pangandaran,2019,3299.55
Pangandaran,2020,2890.85
Pangandaran,2021,3340.97
Pangandaran,2022,4708.09
Pangandaran,2023,3798.16
Pangandaran,2024,4355.0
Pangkajene dan Kepulauan,2018,2766.53
Pangkajene dan Kepulauan,2019,2099.0
Pangkajene dan Kepulauan,2020,2580.01
Pangkajene dan Kepulauan,2021,3076.96
Pangkajene dan Kepulauan,2022,3954.83
Pangkajene dan Kepulauan,2023,4261.0
Pangkajene dan Kepulauan,2024,3556.0
Paniai,2018,4353.84
Paniai,2019,4850.94
Paniai,2020,4130.66
Paniai,2021,4544.39
Paniai,2022,5642.08
Paniai,2023,7033.51
Paniai,2024,4847.0
Parigi Moutong,2018,2630.34
Parigi Moutong,2019,2535.53
Parigi Moutong,2020,2797.81
Parigi Moutong,2021,2888.45
Parigi Moutong,2022,4185.2
Parigi Moutong,2023,3326.2
Parigi Moutong,2024,3483.0
Pasaman,2018,4772.97
Pasaman,2019,4036.41
Pasaman,2020,4947.52
Pasaman,2021,5768.88
Pasaman,2022,7109.16
Pasaman,2023,6069.81
Pasaman,2024,5894.0
Pasaman Barat,2018,5230.8
Pasaman Barat,2019,4644.01
Pasaman Barat,2020,5272.18
Pasaman Barat,2021,6106.96
Pasaman Barat,2022,8580.45
Pasaman Barat,2023,6904.95
Pasaman Barat,2024,7374.0
Paser,2018,3161.2
Paser,2019,3316.49
Paser,2020,3761.45
Paser,2021,4083.49
Paser,2022,6287.79
Paser,2023,5114.05
Paser,2024,4201.0
Pasuruan,2018,3036.97
Pasuruan,2019,2894.99
Pasuruan,2020,3285.28
Pasuruan,2021,3484.39
Pasuruan,2022,5350.08
Pasuruan,2023,4253.88
Pasuruan,2024,3306.0
Pati,2018,2860.51
Pati,2019,2788.61
Pati,2020,2867.26
Pati,2021,3479.12
Pati,2022,5120.32
Pati,2023,4598.74
Pati,2024,3770.0
Pegunungan Arfak,2018,3184.84
Pegunungan Arfak,2019,2433.42
Pegunungan Arfak,2020,1957.18
Pegunungan Arfak,2021,3352.1
Pegunungan Arfak,2022,6329.71
Pegunungan Arfak,2023,6326.28
Pegunungan Arfak,2024,6131.0
Pegunungan Bintang,2018,6266.09
Pegunungan Bintang,2019,8272.62
Pegunungan Bintang,2020,6305.09
Pegunungan Bintang,2021,3739.67
Pegunungan Bintang,2022,6001.31
Pegunungan Bintang,2023,4186.25
Pegunungan Bintang,2024,6248.0
Pekalongan,2018,2414.75
Pekalongan,2019,2271.0
Pekalongan,2020,2546.28
Pekalongan,2021,2987.88
Pekalongan,2022,4222.64
Pekalongan,2023,3754.89
Pekalongan,2024,3235.0
Pelalawan,2018,5516.01
Pelalawan,2019,5420.99
Pelalawan,2020,5811.99
Pelalawan,2021,5760.42
Pelalawan,2022,8268.9
Pelalawan,2023,7105.2
Pelalawan,2024,6470.0
Pemalang,2018,2459.72
Pemalang,2019,2557.94
Pemalang,2020,2628.99
Pemalang,2021,2852.39
Pemalang,2022,3381.08
Pemalang,2023,3702.9
Pemalang,2024,3366.0
Penajam Paser Utara,2018,3685.51
Penajam Paser Utara,2019,3727.0
Penajam Paser Utara,2020,4008.85
Penajam Paser Utara,2021,4386.03
Penajam Paser Utara,2022,5971.88
Penajam Paser Utara,2023,5289.27
Penajam Paser Utara,2024,4809.0
Penukal Abab Lematang Ilir,2018,2581.66
Penukal Abab Lematang Ilir,2019,2566.34
Penukal Abab Lematang Ilir,2020,2680.15
Penukal Abab Lematang Ilir,2021,2570.55
Penukal Abab Lematang Ilir,2022,4399.04
Penukal Abab Lematang Ilir,2023,3582.01
Penukal Abab Lematang Ilir,2024,3796.0
Pesawaran,2018,3504.13
Pesawaran,2019,3541.97
Pesawaran,2020,4019.02
Pesawaran,2021,4027.73
Pesawaran,2022,5490.8
Pesawaran,2023,5002.87
Pesawaran,2024,4675.0
Pesisir Barat,2018,4186.28
Pesisir Barat,2019,3398.51
Pesisir Barat,2020,3837.51
Pesisir Barat,2021,4265.23
Pesisir Barat,2022,5096.95
Pesisir Barat,2023,4653.86
Pesisir Barat,2024,5115.0
Pesisir Selatan,2018,4779.81
Pesisir Selatan,2019,4302.22
Pesisir Selatan,2020,4941.41
Pesisir Selatan,2021,5549.82
Pesisir Selatan,2022,7174.28
Pesisir Selatan,2023,6662.54
Pesisir Selatan,2024,6873.0
Pidie,2018,3160.33
Pidie,2019,2962.09
Pidie,2020,3437.5
Pidie,2021,3676.66
Pidie,2022,4507.23
Pidie,2023,4165.6
Pidie,2024,4373.0
Pidie Jaya,2018,3349.6
Pidie Jaya,2019,3106.74
Pidie Jaya,2020,3836.49
Pidie Jaya,2021,4004.89
Pidie Jaya,2022,4328.65
Pidie Jaya,2023,3760.38
Pidie Jaya,2024,3851.0
Pinrang,2018,2412.54
Pinrang,2019,2050.04
Pinrang,2020,2433.37
Pinrang,2021,2755.09
Pinrang,2022,3154.24
Pinrang,2023,3532.57
Pinrang,2024,3338.0
Pohuwato,2018,2743.09
Pohuwato,2019,2894.52
Pohuwato,2020,2795.54
Pohuwato,2021,3885.19
Pohuwato,2022,4858.17
Pohuwato,2023,3775.93
Pohuwato,2024,4633.0
Polewali Mandar,2018,2514.66
Polewali Mandar,2019,2323.41
Polewali Mandar,2020,2550.6
Polewali Mandar,2021,2840.11
Polewali Mandar,2022,3458.17
Polewali Mandar,2023,3318.01
Polewali Mandar,2024,3125.0
Ponorogo,2018,3323.45
Ponorogo,2019,3020.78
Ponorogo,2020,3710.7
Ponorogo,2021,4041.54
Ponorogo,2022,4316.02
Ponorogo,2023,4484.75
Ponorogo,2024,4143.0
Poso,2018,2905.88
Poso,2019,3108.82
Poso,2020,3255.98
Poso,2021,3530.97
Poso,2022,5837.16
Poso,2023,4541.9
Poso,2024,4094.0
Pringsewu,2018,3566.42
Pringsewu,2019,3663.46
Pringsewu,2020,3858.68
Pringsewu,2021,4345.17
Pringsewu,2022,5726.54
Pringsewu,2023,4650.71
Pringsewu,2024,4992.0
Probolinggo,2018,2124.43
Probolinggo,2019,1748.81
Probolinggo,2020,2317.59
Probolinggo,2021,2617.24
Probolinggo,2022,3935.77
Probolinggo,2023,4210.07
Probolinggo,2024,4230.0
Pulang Pisau,2018,3576.38
Pulang Pisau,2019,3549.85
Pulang Pisau,2020,3881.15
Pulang Pisau,2021,4344.46
Pulang Pisau,2022,6093.86
Pulang Pisau,2023,5234.36
Pulang Pisau,2024,5154.0
Pulau Morotai,2018,5279.74
Pulau Morotai,2019,5133.48
Pulau Morotai,2020,4436.02
Pulau Morotai,2021,5647.0
Pulau Morotai,2022,7902.44
Pulau Morotai,2023,8544.83
Pulau Morotai,2024,7728.0
Pulau Taliabu,2018,2709.88
Pulau Taliabu,2019,2792.63
Pulau Taliabu,2020,3142.17
Pulau Taliabu,2021,3586.98
Pulau Taliabu,2022,5496.34
Pulau Taliabu,2023,5764.25
Pulau Taliabu,2024,5259.0
Puncak,2018,15512.82
Puncak,2019,12501.79
Puncak,2020,15282.79
Puncak,2021,17990.21
Puncak,2022,17135.51
Puncak,2023,17582.24
Puncak,2024,5559.0
Puncak Jaya,2018,9510.39
Puncak Jaya,2019,5914.59
Puncak Jaya,2020,11740.13
Puncak Jaya,2021,14620.66
Puncak Jaya,2022,17005.41
Puncak Jaya,2023,12854.38
Puncak Jaya,2024,2820.0
Purbalingga,2018,2806.93
Purbalingga,2019,2846.94
Purbalingga,2020,2567.9
Purbalingga,2021,3262.65
Purbalingga,2022,4002.86
Purbalingga,2023,4531.34
Purbalingga,2024,3592.0
Purwakarta,2018,2582.83
Purwakarta,2019,2900.17
Purwakarta,2020,2546.28
Purwakarta,2021,3468.13
Purwakarta,2022,4363.69
Purwakarta,2023,4500.06
Purwakarta,2024,3405.0
Purworejo,2018,2633.78
Purworejo,2019,2401.57
Purworejo,2020,2828.9
Purworejo,2021,3319.64
Purworejo,2022,3848.83
Purworejo,2023,3458.92
Purworejo,2024,3823.0
Raja Ampat,2018,4284.17
Raja Ampat,2019,4229.95
Raja Ampat,2020,4591.91
Raja Ampat,2021,5613.0
Raja Ampat,2022,5708.07
Raja Ampat,2023,7260.69
Raja Ampat,2024,5234.0
Rejang Lebong,2018,3032.0
Rejang Lebong,2019,2837.81
Rejang Lebong,2020,2859.27
Rejang Lebong,2021,3406.38
Rejang Lebong,2022,5036.31
Rejang Lebong,2023,4832.02
Rejang Lebong,2024,4453.0
Rembang,2018,3374.53
Rembang,2019,3250.73
Rembang,2020,3122.18
Rembang,2021,3869.31
Rembang,2022,5450.87
Rembang,2023,4344.6
Rembang,2024,4246.0
Rokan Hilir,2018,4414.34
Rokan Hilir,2019,4044.32
Rokan Hilir,2020,4843.75
Rokan Hilir,2021,5223.39
Rokan Hilir,2022,7029.19
Rokan Hilir,2023,5298.6
Rokan Hilir,2024,5552.0
Rokan Hulu,2018,4955.21
Rokan Hulu,2019,4675.27
Rokan Hulu,2020,4863.83
Rokan Hulu,2021,5730.51
Rokan Hulu,2022,7843.06
Rokan Hulu,2023,5681.28
Rokan Hulu,2024,6712.0
Rote Ndao,2018,2683.49
Rote Ndao,2019,2657.24
Rote Ndao,2020,2462.17
Rote Ndao,2021,2981.01
Rote Ndao,2022,3014.79
Rote Ndao,2023,3491.85
Rote Ndao,2024,3632.0
Sabu Raijua,2018,2400.08
Sabu Raijua,2019,2730.24
Sabu Raijua,2020,3059.13
Sabu Raijua,2021,3278.59
Sabu Raijua,2022,4065.64
Sabu Raijua,2023,3964.28
Sabu Raijua,2024,3749.0
Sambas,2018,3041.95
Sambas,2019,2889.28
Sambas,2020,3180.45
Sambas,2021,3242.53
Sambas,2022,3590.54
Sambas,2023,3322.87
Sambas,2024,3159.0
Samosir,2018,3303.44
Samosir,2019,3117.69
Samosir,2020,3276.07
Samosir,2021,4019.43
Samosir,2022,5632.42
Samosir,2023,4558.09
Samosir,2024,4584.0
Sampang,2018,2709.77
Sampang,2019,2245.93
Sampang,2020,2486.48
Sampang,2021,2771.88
Sampang,2022,3246.03
Sampang,2023,2984.67
Sampang,2024,3365.0
Sanggau,2018,2836.18
Sanggau,2019,2634.84
Sanggau,2020,2755.43
Sanggau,2021,3075.98
Sanggau,2022,4701.54
Sanggau,2023,3278.28
Sanggau,2024,3440.0
Sarmi,2018,3467.73
Sarmi,2019,3932.28
Sarmi,2020,3328.12
Sarmi,2021,3309.72
Sarmi,2022,4128.96
Sarmi,2023,4378.58
Sarmi,2024,5149.0
Sarolangun,2018,4045.46
Sarolangun,2019,3998.75
Sarolangun,2020,4011.62
Sarolangun,2021,4373.56
Sarolangun,2022,6726.05
Sarolangun,2023,5387.09
Sarolangun,2024,4941.0
Sekadau,2018,2770.56
Sekadau,2019,2531.63
Sekadau,2020,3262.24
Sekadau,2021,2984.07
Sekadau,2022,4692.42
Sekadau,2023,3746.19
Sekadau,2024,4061.0
Seluma,2018,4230.53
Seluma,2019,3513.12
Seluma,2020,3692.9
Seluma,2021,4196.28
Seluma,2022,5732.73
Seluma,2023,5367.99
Seluma,2024,5110.0
Semarang,2018,3154.39
Semarang,2019,3057.51
Semarang,2020,3227.6
Semarang,2021,3968.89
Semarang,2022,5205.59
Semarang,2023,4625.4
Semarang,2024,4368.0
Seram Bagian Barat,2018,3370.85
Seram Bagian Barat,2019,3415.54
Seram Bagian Barat,2020,3796.94
Seram Bagian Barat,2021,3980.62
Seram Bagian Barat,2022,4606.87
Seram Bagian Barat,2023,5171.4
Seram Bagian Barat,2024,4653.0
Seram Bagian Timur,2018,3839.36
Seram Bagian Timur,2019,3981.41
Seram Bagian Timur,2020,4215.78
Seram Bagian Timur,2021,4294.55
Seram Bagian Timur,2022,5247.98
Seram Bagian Timur,2023,5412.94
Seram Bagian Timur,2024,5267.0
Serang,2018,3119.64
Serang,2019,2996.44
Serang,2020,2747.4
Serang,2021,3167.18
Serang,2022,5129.67
Serang,2023,3873.57
Serang,2024,3422.0
Serdang Bedagai,2018,4392.4
Serdang Bedagai,2019,4007.93
Serdang Bedagai,2020,4294.14
Serdang Bedagai,2021,4942.12
Serdang Bedagai,2022,6412.32
Serdang Bedagai,2023,5429.0
Serdang Bedagai,2024,4925.0
Seruyan,2018,4034.36
Seruyan,2019,4040.89
Seruyan,2020,3948.53
Seruyan,2021,4384.91
Seruyan,2022,6878.48
Seruyan,2023,5545.84
Seruyan,2024,5533.0
Siak,2018,4592.15
Siak,2019,4690.75
Siak,2020,4457.74
Siak,2021,5435.73
Siak,2022,7345.76
Siak,2023,6507.3
Siak,2024,6279.0
Siau Tagulandang Biaro,2018,3862.23
Siau Tagulandang Biaro,2019,3315.19
Siau Tagulandang Biaro,2020,3907.97
Siau Tagulandang Biaro,2021,4050.54
Siau Tagulandang Biaro,2022,5301.24
Siau Tagulandang Biaro,2023,4513.28
Siau Tagulandang Biaro,2024,4364.0
Sidenreng Rappang,2018,2857.47
Sidenreng Rappang,2019,2415.84
Sidenreng Rappang,2020,2587.77
Sidenreng Rappang,2021,3003.36
Sidenreng Rappang,2022,3952.35
Sidenreng Rappang,2023,4147.31
Sidenreng Rappang,2024,4175.0
Sidoarjo,2018,3237.02
Sidoarjo,2019,3292.26
Sidoarjo,2020,3503.8
Sidoarjo,2021,4101.27
Sidoarjo,2022,5783.97
Sidoarjo,2023,4914.2
Sidoarjo,2024,4749.0
Sigi,2018,3417.57
Sigi,2019,3337.23
Sigi,2020,3160.8
Sigi,2021,3491.69
Sigi,2022,5290.26
Sigi,2023,4625.38
Sigi,2024,4585.0
Sijunjung,2018,4749.01
Sijunjung,2019,4798.08
Sijunjung,2020,5225.14
Sijunjung,2021,5653.49
Sijunjung,2022,7772.58
Sijunjung,2023,6950.11
Sijunjung,2024,6629.0
Sikka,2018,2296.36
Sikka,2019,2312.89
Sikka,2020,2415.57
Sikka,2021,2107.66
Sikka,2022,3219.55
Sikka,2023,3189.23
Sikka,2024,2689.0
Simalungun,2018,4284.6
Simalungun,2019,3831.21
Simalungun,2020,4452.98
Simalungun,2021,4718.22
Simalungun,2022,6282.69
Simalungun,2023,5302.25
Simalungun,2024,5200.0
Simeulue,2018,3139.05
Simeulue,2019,2985.6
Simeulue,2020,3068.92
Simeulue,2021,3303.51
Simeulue,2022,4590.57
Simeulue,2023,4563.83
Simeulue,2024,4192.0
Sinjai,2018,2138.9
Sinjai,2019,2231.45
Sinjai,2020,2721.47
Sinjai,2021,3371.35
Sinjai,2022,3169.77
Sinjai,2023,3831.34
Sinjai,2024,3213.0
Sintang,2018,2984.17
Sintang,2019,3000.91
Sintang,2020,3041.42
Sintang,2021,3626.2
Sintang,2022,5496.7
Sintang,2023,3783.24
Sintang,2024,4157.0
Situbondo,2018,2761.08
Situbondo,2019,3240.12
Situbondo,2020,2949.67
Situbondo,2021,3273.75
Situbondo,2022,3801.22
Situbondo,2023,3506.78
Situbondo,2024,3087.0
Sleman,2018,2713.73
Sleman,2019,2708.75
Sleman,2020,2985.66
Sleman,2021,3382.85
Sleman,2022,4127.98
Sleman,2023,3784.77
Sleman,2024,3993.0
Solok,2018,4827.34
Solok,2019,5097.14
Solok,2020,5004.54
Solok,2021,6009.56
Solok,2022,8039.52
Solok,2023,6938.63
Solok,2024,6797.0
Solok Selatan,2018,4907.51
Solok Selatan,2019,4851.5
Solok Selatan,2020,4996.29
Solok Selatan,2021,6407.39
Solok Selatan,2022,8338.32
Solok Selatan,2023,7956.47
Solok Selatan,2024,7888.0
Soppeng,2018,2496.1
Soppeng,2019,2236.06
Soppeng,2020,2221.82
Soppeng,2021,2948.7
Soppeng,2022,4436.62
Soppeng,2023,3507.11
Soppeng,2024,3130.0
Sorong,2018,4283.52
Sorong,2019,4259.63
Sorong,2020,4127.69
Sorong,2021,5078.65
Sorong,2022,5465.29
Sorong,2023,5757.98
Sorong,2024,4747.0
Sorong Selatan,2018,3290.54
Sorong Selatan,2019,2868.46
Sorong Selatan,2020,3722.47
Sorong Selatan,2021,2781.42
Sorong Selatan,2022,2473.77
Sorong Selatan,2023,2868.68
Sorong Selatan,2024,6672.0
Sragen,2018,3058.97
Sragen,2019,2894.24
Sragen,2020,3367.0
Sragen,2021,4238.25
Sragen,2022,5254.84
Sragen,2023,4520.35
Sragen,2024,4072.0
Subang,2018,2565.33
Subang,2019,2481.74
Subang,2020,2599.21
Subang,2021,3098.78
Subang,2022,3887.32
Subang,2023,3361.44
Subang,2024,3070.0
Sukabumi,2018,3091.93
Sukabumi,2019,2870.04
Sukabumi,2020,2700.86
Sukabumi,2021,3204.72
Sukabumi,2022,4784.14
Sukabumi,2023,3934.93
Sukabumi,2024,3529.0
Sukamara,2018,4355.22
Sukamara,2019,3792.26
Sukamara,2020,4193.44
Sukamara,2021,4538.06
Sukamara,2022,6591.37
Sukamara,2023,5409.39
Sukamara,2024,5031.0
Sukoharjo,2018,2822.68
Sukoharjo,2019,2944.24
Sukoharjo,2020,2858.31
Sukoharjo,2021,3426.32
Sukoharjo,2022,4648.95
Sukoharjo,2023,3802.92
Sukoharjo,2024,3892.0
Sumba Barat,2018,2097.48
Sumba Barat,2019,2271.78
Sumba Barat,2020,2233.02
Sumba Barat,2021,2793.15
Sumba Barat,2022,3250.63
Sumba Barat,2023,3039.45
Sumba Barat,2024,2744.0
Sumba Barat Daya,2018,1450.17
Sumba Barat Daya,2019,1575.25
Sumba Barat Daya,2020,1918.33
Sumba Barat Daya,2021,1848.69
Sumba Barat Daya,2022,2467.63
Sumba Barat Daya,2023,2324.71
Sumba Barat Daya,2024,2182.0
Sumba Tengah,2018,1573.84
Sumba Tengah,2019,1616.69
Sumba Tengah,2020,1529.39
Sumba Tengah,2021,1716.05
Sumba Tengah,2022,2242.82
Sumba Tengah,2023,3245.89
Sumba Tengah,2024,2594.0
Sumba Timur,2018,1896.1
Sumba Timur,2019,2082.02
Sumba Timur,2020,2260.26
Sumba Timur,2021,2308.41
Sumba Timur,2022,3150.56
Sumba Timur,2023,3019.48
Sumba Timur,2024,3025.0
Sumbawa,2018,3145.13
Sumbawa,2019,2290.7
Sumbawa,2020,2323.34
Sumbawa,2021,2996.96
Sumbawa,2022,4140.24
Sumbawa,2023,4243.37
Sumbawa,2024,3287.0
Sumbawa Barat,2018,2687.92
Sumbawa Barat,2019,2548.64
Sumbawa Barat,2020,2688.26
Sumbawa Barat,2021,3020.28
Sumbawa Barat,2022,4011.59
Sumbawa Barat,2023,3635.08
Sumbawa Barat,2024,3383.0
Sumedang,2018,2392.45
Sumedang,2019,2376.91
Sumedang,2020,2985.96
Sumedang,2021,3488.03
Sumedang,2022,3880.53
Sumedang,2023,3884.43
Sumedang,2024,3678.0
Sumenep,2018,3233.96
Sumenep,2019,3094.79
Sumenep,2020,3107.6
Sumenep,2021,4049.55
Sumenep,2022,6324.48
Sumenep,2023,6070.03
Sumenep,2024,5027.0
Supiori,2018,3150.33
Supiori,2019,3948.28
Supiori,2020,6903.57
Supiori,2021,4684.49
Supiori,2022,4532.69
Supiori,2023,4669.54
Supiori,2024,13108.0
Tabalong,2018,3531.99
Tabalong,2019,3572.9
Tabalong,2020,3735.26
Tabalong,2021,4115.54
Tabalong,2022,6422.48
Tabalong,2023,4582.17
Tabalong,2024,4469.0
Tabanan,2018,2845.48
Tabanan,2019,2909.93
Tabanan,2020,2979.77
Tabanan,2021,3572.29
Tabanan,2022,4566.18
Tabanan,2023,3900.55
Tabanan,2024,3467.0
Takalar,2018,2327.28
Takalar,2019,1881.07
Takalar,2020,2182.5
Takalar,2021,2952.1
Takalar,2022,3409.33
Takalar,2023,3127.77
Takalar,2024,2807.0
Tambrauw,2018,2456.06
Tambrauw,2019,2819.47
Tambrauw,2020,3257.85
Tambrauw,2021,3989.5
Tambrauw,2022,5117.55
Tambrauw,2023,5115.85
Tambrauw,2024,5679.0
Tana Tidung,2018,3830.35
Tana Tidung,2019,4217.21
Tana Tidung,2020,4088.48
Tana Tidung,2021,4480.82
Tana Tidung,2022,6136.68
Tana Tidung,2023,4180.2
Tana Tidung,2024,4365.0
Tana Toraja,2018,2123.02
Tana Toraja,2019,1859.03
Tana Toraja,2020,2064.45
Tana Toraja,2021,2475.32
Tana Toraja,2022,2769.17
Tana Toraja,2023,3351.92
Tana Toraja,2024,2364.0
Tanah Bumbu,2018,3827.68
Tanah Bumbu,2019,3142.98
Tanah Bumbu,2020,3431.24
Tanah Bumbu,2021,4075.12
Tanah Bumbu,2022,6506.22
Tanah Bumbu,2023,4599.11
Tanah Bumbu,2024,4174.0
Tanah Datar,2018,4306.49
Tanah Datar,2019,4059.73
Tanah Datar,2020,4814.86
Tanah Datar,2021,5113.5
Tanah Datar,2022,6891.29
Tanah Datar,2023,6288.62
Tanah Datar,2024,5966.0
Tanah Laut,2018,3318.65
Tanah Laut,2019,3233.76
Tanah Laut,2020,3660.18
Tanah Laut,2021,3819.59
Tanah Laut,2022,5900.22
Tanah Laut,2023,4999.2
Tanah Laut,2024,4292.0
Tangerang,2018,2976.48
Tangerang,2019,3474.36
Tangerang,2020,3681.49
Tangerang,2021,3819.63
Tangerang,2022,5694.46
Tangerang,2023,4030.59
Tangerang,2024,4501.0
Tanggamus,2018,3725.99
Tanggamus,2019,3488.79
Tanggamus,2020,3495.23
Tanggamus,2021,3622.31
Tanggamus,2022,5525.88
Tanggamus,2023,4191.63
Tanggamus,2024,4139.0
Tanjung Jabung Barat,2018,3360.19
Tanjung Jabung Barat,2019,3521.39
Tanjung Jabung Barat,2020,3868.94
Tanjung Jabung Barat,2021,3814.72
Tanjung Jabung Barat,2022,5688.09
Tanjung Jabung Barat,2023,4583.26
Tanjung Jabung Barat,2024,4561.0
Tanjung Jabung Timur,2018,3747.78
Tanjung Jabung Timur,2019,3679.73
Tanjung Jabung Timur,2020,3952.78
Tanjung Jabung Timur,2021,4675.77
Tanjung Jabung Timur,2022,6534.31
Tanjung Jabung Timur,2023,5726.87
Tanjung Jabung Timur,2024,5215.0
Tapanuli Selatan,2018,4368.39
Tapanuli Selatan,2019,4049.21
Tapanuli Selatan,2020,4745.82
Tapanuli Selatan,2021,5155.18
Tapanuli Selatan,2022,6380.45
Tapanuli Selatan,2023,5825.51
Tapanuli Selatan,2024,5487.0
Tapanuli Tengah,2018,3980.54
Tapanuli Tengah,2019,3396.55
Tapanuli Tengah,2020,3511.65
Tapanuli Tengah,2021,4444.6
Tapanuli Tengah,2022,4931.04
Tapanuli Tengah,2023,4710.28
Tapanuli Tengah,2024,4878.0
Tapanuli Utara,2018,3708.67
Tapanuli Utara,2019,3544.69
Tapanuli Utara,2020,3615.83
Tapanuli Utara,2021,4367.84
Tapanuli Utara,2022,5845.99
Tapanuli Utara,2023,5322.19
Tapanuli Utara,2024,4673.0
Tapin,2018,3298.93
Tapin,2019,3370.56
Tapin,2020,3499.73
Tapin,2021,4026.25
Tapin,2022,5596.12
Tapin,2023,4653.26
Tapin,2024,4464.0
Tasikmalaya,2018,2587.79
Tasikmalaya,2019,2421.66
Tasikmalaya,2020,2354.66
Tasikmalaya,2021,2530.27
Tasikmalaya,2022,3748.66
Tasikmalaya,2023,3250.9
Tasikmalaya,2024,3061.0
Tebo,2018,4136.43
Tebo,2019,4297.0
Tebo,2020,3927.45
Tebo,2021,4694.42
Tebo,2022,6300.0
Tebo,2023,4995.32
Tebo,2024,5594.0
Tegal,2018,2328.07
Tegal,2019,2335.68
Tegal,2020,2562.4
Tegal,2021,3145.16
Tegal,2022,3752.33
Tegal,2023,2995.17
Tegal,2024,2768.0
Teluk Bintuni,2018,4888.31
Teluk Bintuni,2019,4142.67
Teluk Bintuni,2020,4441.39
Teluk Bintuni,2021,5385.68
Teluk Bintuni,2022,6295.66
Teluk Bintuni,2023,7065.98
Teluk Bintuni,2024,6622.0
Teluk Wondama,2018,4834.69
Teluk Wondama,2019,4032.68
Teluk Wondama,2020,6352.6
Teluk Wondama,2021,5526.28
Teluk Wondama,2022,4407.9
Teluk Wondama,2023,6200.74
Teluk Wondama,2024,4974.0
Temanggung,2018,2954.84
Temanggung,2019,2513.08
Temanggung,2020,2686.13
Temanggung,2021,2942.84
Temanggung,2022,4231.47
Temanggung,2023,4373.38
Temanggung,2024,4249.0
Timor Tengah Selatan,2018,2576.55
Timor Tengah Selatan,2019,2653.7
Timor Tengah Selatan,2020,2727.62
Timor Tengah Selatan,2021,2756.27
Timor Tengah Selatan,2022,3270.02
Timor Tengah Selatan,2023,3450.15
Timor Tengah Selatan,2024,3479.0
Timor Tengah Utara,2018,2560.67
Timor Tengah Utara,2019,2432.37
Timor Tengah Utara,2020,2487.59
Timor Tengah Utara,2021,2819.7
Timor Tengah Utara,2022,3063.48
Timor Tengah Utara,2023,2886.03
Timor Tengah Utara,2024,2999.0
Toba Samosir,2018,3521.17
Toba Samosir,2019,3058.36
Toba Samosir,2020,3641.15
Toba Samosir,2021,3994.81
Toba Samosir,2022,5595.69
Toba Samosir,2023,4874.47
Toba Samosir,2024,4878.0
Tojo Una-Una,2018,2723.9
Tojo Una-Una,2019,2656.21
Tojo Una-Una,2020,3177.6
Tojo Una-Una,2021,3254.88
Tojo Una-Una,2022,4187.15
Tojo Una-Una,2023,3862.08
Tojo Una-Una,2024,3375.0
Toli-Toli,2018,2850.03
Toli-Toli,2019,2891.77
Toli-Toli,2020,3052.04
Toli-Toli,2021,2653.8
Toli-Toli,2022,4492.72
Toli-Toli,2023,3193.08
Toli-Toli,2024,3402.0
Tolikara,2018,5397.09
Tolikara,2019,5518.95
Tolikara,2020,7348.14
Tolikara,2021,6643.88
Tolikara,2022,6150.67
Tolikara,2023,4894.95
Tolikara,2024,5167.0
Toraja Utara,2018,1917.19
Toraja Utara,2019,1812.85
Toraja Utara,2020,1952.02
Toraja Utara,2021,2386.43
Toraja Utara,2022,2739.28
Toraja Utara,2023,3216.75
Toraja Utara,2024,2680.0
Trenggalek,2018,3957.13
Trenggalek,2019,3695.91
Trenggalek,2020,4081.65
Trenggalek,2021,4469.51
Trenggalek,2022,5197.5
Trenggalek,2023,5031.55
Trenggalek,2024,4842.0
Tuban,2018,2940.62
Tuban,2019,2757.29
Tuban,2020,3246.87
Tuban,2021,3842.96
Tuban,2022,5436.51
Tuban,2023,4468.54
Tuban,2024,3937.0
Tulang Bawang Barat,2018,2938.52
Tulang Bawang Barat,2019,3428.62
Tulang Bawang Barat,2020,3552.2
Tulang Bawang Barat,2021,3713.21
Tulang Bawang Barat,2022,4732.43
Tulang Bawang Barat,2023,4292.54
Tulang Bawang Barat,2024,4221.0
Tulangbawang,2018,3642.96
Tulangbawang,2019,3355.67
Tulangbawang,2020,2971.92
Tulangbawang,2021,3333.1
Tulangbawang,2022,5268.81
Tulangbawang,2023,4256.17
Tulangbawang,2024,4552.0
Tulungagung,2018,3437.72
Tulungagung,2019,3850.72
Tulungagung,2020,4253.87
Tulungagung,2021,4957.7
Tulungagung,2022,6455.47
Tulungagung,2023,4581.51
Tulungagung,2024,4282.0
Wajo,2018,2885.01
Wajo,2019,2711.92
Wajo,2020,3026.83
Wajo,2021,3604.78
Wajo,2022,4970.46
Wajo,2023,4636.8
Wajo,2024,3826.0
Wakatobi,2018,2583.35
Wakatobi,2019,2369.06
Wakatobi,2020,3086.68
Wakatobi,2021,2957.29
Wakatobi,2022,3613.57
Wakatobi,2023,3683.01
Wakatobi,2024,3589.0
Waropen,2018,8290.07
Waropen,2019,5129.64
Waropen,2020,6448.74
Waropen,2021,5945.5
Waropen,2022,5341.26
Waropen,2023,6348.79
Waropen,2024,7593.0
Way Kanan,2018,3615.75
Way Kanan,2019,3461.03
Way Kanan,2020,3867.69
Way Kanan,2021,4201.75
Way Kanan,2022,6186.07
Way Kanan,2023,5070.95
Way Kanan,2024,5193.0
Wonogiri,2018,3337.46
Wonogiri,2019,3228.84
Wonogiri,2020,3363.61
Wonogiri,2021,4541.42
Wonogiri,2022,5332.35
Wonogiri,2023,5044.47
Wonogiri,2024,5163.0
Wonosobo,2018,3066.34
Wonosobo,2019,2852.42
Wonosobo,2020,2838.15
Wonosobo,2021,3450.68
Wonosobo,2022,4568.46
Wonosobo,2023,3963.21
Wonosobo,2024,3486.0
Yahukimo,2018,3372.44
Yahukimo,2019,3736.2
Yahukimo,2020,3995.06
Yahukimo,2021,3238.79
Yahukimo,2022,4345.51
Yahukimo,2023,4294.47
Yahukimo,2024,3687.0
Yalimo,2018,4875.14
Yalimo,2019,6481.69
Yalimo,2020,5363.85
Yalimo,2021,8366.3
Yalimo,2022,7063.01
Yalimo,2023,9355.16
Yalimo,2024,14022.0
